CO_ANO,CO_MES,CO_NCM,CO_UNID,CO_PAIS,SG_UF_NCM,CO_VIA,CO_URF,QT_ESTAT,KG_LIQUIDO,VL_FOB,CO_SH
2023,4,22042100,17,476,RS,1,1017700,5,5,26,2204
2023,9,22042100,17,351,PR,1,917800,14,13,78,2204
2023,3,22043000,17,580,SP,1,817800,28,28,108,2204
2023,9,22042910,17,628,SP,1,817800,1,1,5,2204
2023,1,22041090,17,160,RS,1,927800,5940,6178,25947,2204
2023,6,22042100,17,351,MA,1,317903,138,138,1075,2204
2023,2,22042100,17,580,PR,1,917800,69,125,317,2204
2023,1,22042100,17,756,ES,1,727600,60,50,335,2204
2023,7,22042100,17,351,AL,1,520100,46,46,214,2204
2023,1,22042100,17,160,PR,1,917800,47,47,100,2204
2023,9,22042100,17,791,RS,1,817800,405,405,3348,2204
2023,3,22042100,17,628,RS,4,817600,120,120,1044,2204
2023,7,22041090,17,476,SP,1,817800,27,27,132,2204
2023,3,22042100,17,573,ES,1,727600,19,19,23,2204
2023,9,22042100,17,137,SP,1,817800,38,39,256,2204
2023,3,22042100,17,580,RJ,1,717800,19,19,81,2204
2023,5,22042100,17,77,RJ,1,717800,18,17,84,2204
2023,5,22042100,17,476,RS,1,1017700,91,91,353,2204
2023,2,22042100,17,476,SP,1,817800,43,43,344,2204
2023,7,22041010,17,301,SC,1,927502,12,12,115,2204
2023,5,22042100,17,77,RJ,1,717600,9,7,40,2204
2023,7,22042100,17,160,SP,1,817800,140,139,667,2204
2023,5,22042100,17,289,SP,1,817800,1530,1530,2423,2204
2023,4,22042100,17,232,SC,1,917800,1,1,12,2204
2023,5,22041090,17,476,ES,1,727600,83,83,60,2204
2023,9,22042100,17,580,ES,1,727600,54,53,325,2204
2023,4,22042100,17,160,RS,1,1017700,1602,2610,2370,2204
2023,4,22042100,17,351,SP,1,917800,10,10,22,2204
2023,5,22042100,17,160,MA,1,317903,22,22,208,2204
2023,4,22042100,17,580,CE,1,317900,5,5,17,2204
2023,2,22042100,17,586,SP,7,917500,4169,3127,20845,2204
2023,6,22042100,17,249,SC,1,927700,8,8,23,2204
2023,5,22042100,17,741,PA,0,210200,7,7,31,2204
2023,3,22042100,17,160,ES,1,727600,45,45,202,2204
2023,8,22042100,17,476,PA,1,217800,18,18,250,2204
2023,5,22042100,17,434,MA,1,217800,18,18,129,2204
2023,4,22042100,17,160,SP,1,917800,5,5,20,2204
2023,9,22042100,17,351,CE,1,317900,59,47,517,2204
2023,1,22042100,17,434,CE,1,317900,19,18,65,2204
2023,6,22041090,17,580,ES,1,727600,36,36,114,2204
2023,5,22041090,17,434,BA,1,517800,20,20,114,2204
2023,7,22041090,17,158,RS,7,1017500,90,90,443,2204
2023,7,22041090,17,580,ES,1,727600,5,5,6,2204
2023,1,22042100,17,267,PR,1,917800,18,19,33,2204
2023,1,22042100,17,163,ES,1,710251,18,23,139,2204
2023,6,22042100,17,776,AL,1,440151,18,18,272,2204
2023,6,22042100,17,476,PR,1,917800,163,219,435,2204
2023,8,22041010,17,741,RS,1,1017700,24,24,96,2204
2023,9,22042100,17,735,RS,1,1017700,2340,2340,2101,2204
2023,9,22042100,17,160,SP,1,817800,194,176,978,2204
2023,7,22042100,17,434,MA,1,317903,20,20,295,2204
2023,4,22042100,17,351,ES,1,727600,30,37,314,2204
2023,9,22042100,17,741,MA,1,317903,93,94,762,2204
2023,4,22042100,17,434,AL,1,417902,15,15,200,2204
2023,2,22041010,17,161,RS,1,1017700,18,18,77,2204
2023,1,22042100,17,628,RS,1,817800,3033,2953,30341,2204
2023,9,22042211,17,741,ES,1,727600,83,83,188,2204
2023,3,22042100,17,476,SP,1,817800,18,18,82,2204
2023,4,22042100,17,741,RS,1,1017700,65,65,256,2204
2023,8,22041090,17,476,ES,1,817800,5,5,15,2204
2023,1,22042100,17,351,PR,1,927502,12,12,33,2204
2023,9,22042211,17,580,ES,1,727600,55,49,287,2204
2023,4,22042910,17,580,SP,1,917800,9,9,38,2204
2023,4,22043000,17,160,RS,1,1017700,23760,23760,49680,2204
2023,8,22042211,17,434,MA,1,317903,5,13,65,2204
2023,4,22043000,17,476,SP,1,817800,14,14,91,2204
2023,2,22042100,17,573,ES,1,727600,5,11,21,2204
2023,9,22041090,17,580,SP,1,817800,34,34,180,2204
2023,3,22042100,17,476,ES,1,817800,9,9,47,2204
2023,8,22042910,17,741,ES,1,710251,2,2,13,2204
2023,5,22042100,17,467,ES,1,727600,2,2,11,2204
2023,2,22042211,17,476,SC,1,917800,48,48,92,2204
2023,4,22041010,17,289,RS,1,1017700,1382,1382,19688,2204
2023,8,22042910,17,580,SP,1,817800,8,8,32,2204
2023,7,22042100,17,80,SP,1,817800,37,40,134,2204
2023,4,22041010,17,160,RS,1,1017700,80,80,220,2204
2023,6,22042920,17,160,SC,1,927700,9,9,41,2204
2023,4,22041010,17,351,SP,1,817800,6,6,32,2204
2023,2,22042100,17,580,PR,1,817800,81,81,206,2204
2023,4,22042100,17,580,SP,1,917800,23,43,222,2204
2023,6,22042211,17,476,RJ,1,717800,32,32,198,2204
2023,7,22042100,17,249,RS,1,1017700,23580,23580,44700,2204
2023,8,22042100,17,741,ES,1,710251,10,10,68,2204
2023,6,22042211,17,160,RS,1,1017700,23,23,24,2204
2023,7,22042100,17,586,SP,7,917500,72900,72900,81000,2204
2023,4,22041090,17,43,PA,1,217800,24,24,100,2204
2023,2,22042100,17,275,ES,1,710251,18,25,190,2204
2023,9,22042211,17,160,PR,1,917800,11,11,21,2204
2023,1,22042211,17,476,ES,1,727600,173,173,420,2204
2023,6,22041090,17,97,PR,7,147600,2417,2225,4483,2204
2023,7,22042100,17,365,SP,1,817800,9,9,30,2204
2023,1,22042100,17,160,SC,1,927502,7,3,24,2204
2023,4,22042910,17,351,SP,1,817800,5,5,15,2204
2023,2,22042100,17,351,ES,1,727600,78,77,435,2204
2023,7,22042100,17,735,SP,1,817800,6690,6690,12020,2204
2023,6,22042100,17,434,ES,1,727600,64,60,343,2204
2023,4,22042100,17,275,RJ,1,717800,18,18,101,2204
2023,5,22042211,17,580,SP,1,817800,166,262,779,2204
2023,7,22042100,17,580,MA,1,317903,60,60,370,2204
2023,9,22042100,17,741,PR,1,917800,4,4,10,2204
2023,7,22041010,17,628,RS,1,1017700,1138,1137,13920,2204
2023,2,22041010,17,244,SP,4,817600,1,62,41,2204
2023,4,22042910,17,741,RS,1,1017700,3,3,18,2204
2023,8,22042100,17,476,PR,1,927700,55,55,169,2204
2023,3,22042100,17,467,PR,1,917800,38,38,120,2204
2023,4,22042211,17,476,ES,1,727600,55,55,118,2204
2023,6,22041010,17,351,SC,1,927700,6,6,67,2204
2023,6,22042100,17,580,RS,1,1017700,28,28,66,2204
2023,8,22041090,17,607,PA,1,217800,1,1,6,2204
2023,9,22041010,17,23,RS,4,817600,5,3,25,2204
2023,9,22042100,17,351,PR,1,927700,30,26,119,2204
2023,8,22042100,17,399,RS,1,1017700,11232,11232,32947,2204
2023,5,22041090,17,63,RJ,1,717600,120,120,860,2204
2023,6,22042100,17,741,ES,1,727600,68,66,917,2204
2023,5,22042100,17,301,SP,1,817800,5,5,22,2204
2023,8,22041010,17,351,SP,1,817800,1,1,4,2204
2023,4,22041010,17,160,RS,1,1017800,18,18,348,2204
2023,5,22041090,17,580,RS,1,1017700,5,5,5,2204
2023,1,22042100,17,476,ES,1,727600,53,42,323,2204
2023,3,22042100,17,160,SP,1,817800,90,90,1076,2204
2023,4,22042100,17,607,AL,1,520100,1,1,12,2204
2023,3,22041090,17,628,SP,4,817600,15,30,661,2204
2023,7,22042100,17,341,SC,1,927800,11070,6427,11956,2204
2023,7,22042100,17,467,MA,1,317903,25,23,103,2204
2023,1,22042100,17,399,RJ,1,717800,5,5,17,2204
2023,2,22042100,17,434,RJ,1,717600,7,4,24,2204
2023,6,22042100,17,580,SC,1,927502,72,72,153,2204
2023,8,22042100,17,161,MA,1,317903,11,11,41,2204
2023,3,22042100,17,351,SC,1,927700,18,18,116,2204
2023,1,22042100,17,776,SP,1,717800,9,9,49,2204
2023,1,22042100,17,580,RJ,1,927800,1575,2100,9130,2204
2023,5,22041010,17,467,SP,1,817800,9,9,96,2204
2023,7,22042211,17,741,ES,1,727600,46,46,41,2204
2023,9,22042100,17,741,ES,1,727600,5,5,29,2204
2023,2,22042211,17,434,MA,1,317903,168,122,404,2204
2023,1,22042100,17,77,RJ,1,717600,9,8,37,2204
2023,4,22042100,17,351,RJ,1,717600,20,20,82,2204
2023,2,22042100,17,375,SC,1,917800,150,150,377,2204
2023,9,22042100,17,161,RS,1,1017700,4104,4104,19673,2204
2023,6,22042100,17,163,SC,1,917800,18,18,74,2204
2023,5,22042100,17,434,SP,1,817800,38,37,275,2204
2023,2,22042100,17,434,SC,1,927502,60,60,118,2204
2023,2,22042910,17,580,MA,1,317903,1,1,2,2204
2023,2,22042100,17,603,SP,1,817800,162,162,450,2204
2023,7,22042100,17,476,RS,1,1017700,9,9,23,2204
2023,2,22042100,17,434,SP,1,817800,36,36,225,2204
2023,1,22042100,17,467,SC,1,927700,5,5,11,2204
2023,3,22042100,17,476,PA,1,217800,20,19,51,2204
2023,5,22042100,17,351,PR,1,917800,12,12,32,2204
2023,3,22042910,17,628,SP,4,817600,12,17,216,2204
2023,8,22042100,17,586,RS,7,917500,166176,166176,244413,2204
2023,5,22042211,17,351,SP,1,817800,44,47,120,2204
2023,1,22042100,17,467,SP,1,817800,850,880,9741,2204
2023,3,22042211,17,628,GO,4,817600,9,16,322,2204
2023,7,22042100,17,301,SC,1,927502,36,36,130,2204
2023,5,22042100,17,341,RS,1,1017700,34200,34200,49400,2204
2023,9,22042100,17,434,PR,1,917800,109,177,255,2204
2023,4,22042100,17,580,SC,1,917800,40,38,104,2204
2023,2,22042100,17,476,RJ,1,717800,14,13,59,2204
2023,1,22042100,17,301,RJ,1,717600,18,18,107,2204
2023,2,22043000,17,741,SP,1,817800,22,22,106,2204
2023,4,22041010,17,77,RS,1,1017700,5,5,37,2204
2023,6,22042100,17,741,AL,1,417902,18,18,57,2204
2023,8,22042211,17,580,MA,1,317903,42,46,195,2204
2023,3,22042211,17,351,SP,1,817800,22,22,157,2204
2023,3,22041090,17,476,PR,1,917800,36,40,93,2204
2023,8,22042100,17,434,SP,1,717600,9,9,35,2204
2023,2,22042100,17,580,RJ,1,927800,1080,1395,7787,2204
2023,1,22041090,17,476,PR,1,917800,36,47,150,2204
2023,1,22042910,17,351,SP,1,817800,2,2,5,2204
2023,4,22041090,17,580,MA,1,317903,358,468,612,2204
2023,9,22042100,17,434,SC,1,927800,30,29,109,2204
2023,8,22042100,17,341,SC,1,927800,4428,2326,4782,2204
2023,9,22042100,17,741,SP,1,1017700,45,54,261,2204
2023,2,22042100,17,23,SP,1,817800,45,45,134,2204
2023,9,22042100,17,160,PR,1,917800,6,6,12,2204
2023,1,22042100,17,756,RJ,1,817800,55,55,199,2204
2023,9,22041090,17,351,ES,1,727600,1,1,5,2204
2023,5,22043000,17,434,SP,1,817800,28,28,101,2204
2023,3,22042100,17,467,AM,1,227600,9,9,73,2204
2023,5,22042100,17,249,SC,1,927700,17,17,46,2204
2023,3,22042910,17,351,SP,1,817800,10,10,84,2204
2023,2,22042100,17,476,ES,1,817800,9,9,63,2204
2023,2,22042100,17,160,MA,1,317903,16,16,156,2204
2023,7,22042100,17,467,SC,1,917800,9,9,34,2204
2023,4,22041010,17,580,SP,1,917800,2,2,10,2204
2023,5,22042100,17,580,SP,1,817800,200,315,881,2204
2023,9,22042211,17,580,SC,1,917800,101,100,153,2204
2023,4,22042100,17,580,SP,1,817800,110,192,598,2204
2023,5,22042100,17,586,PR,7,917500,26550,43454,54479,2204
2023,6,22042100,17,741,SP,1,817800,141,137,606,2204
2023,6,22041010,17,160,RS,1,1017700,20,20,61,2204
2023,2,22041090,17,467,RS,1,1017700,15,15,20,2204
2023,3,22042100,17,239,RS,1,1017700,540,540,840,2204
2023,3,22041010,17,607,RS,1,1017700,2186,2186,38554,2204
2023,7,22042100,17,628,MG,1,817800,150,150,753,2204
2023,3,22041090,17,580,ES,1,727600,23,23,36,2204
2023,8,22042100,17,580,ES,1,710251,21,21,390,2204
2023,4,22042211,17,741,SP,1,817800,5,5,48,2204
2023,9,22042100,17,580,SP,1,817800,83,81,521,2204
2023,1,22042100,17,158,SP,1,817800,9,9,63,2204
2023,1,22042100,17,628,PR,1,927502,211,273,245,2204
2023,5,22042100,17,607,RJ,1,717600,14,14,98,2204
2023,1,22042100,17,351,ES,1,717800,9,9,117,2204
2023,2,22042100,17,80,SP,1,717800,9,8,30,2204
2023,7,22041010,17,735,SP,1,817800,113,113,536,2204
2023,6,22042910,17,160,SP,1,817800,8,8,24,2204
2023,9,22041010,17,289,SP,1,817800,2543,2553,12632,2204
2023,2,22042211,17,399,RJ,1,717800,40,41,191,2204
2023,7,22042100,17,351,AP,1,240152,54,54,451,2204
2023,7,22042100,17,586,RS,7,917500,355776,355496,532056,2204
2023,8,22042100,17,386,RS,1,817800,510,495,2676,2204
2023,2,22042100,17,845,RS,7,1010351,83160,83160,98315,2204
2023,2,22042100,17,467,SP,1,817800,27,50,109,2204
2023,3,22042100,17,476,AM,1,227600,5,5,34,2204
2023,8,22042100,17,776,SC,1,927502,36,36,70,2204
2023,9,22041090,17,476,PR,1,917800,12,12,27,2204
2023,5,22042100,17,434,RJ,1,717800,47,47,255,2204
2023,8,22042100,17,190,SP,1,817800,11,11,88,2204
2023,1,22042100,17,434,RJ,1,717800,17,100,79,2204
2023,9,22042100,17,434,SP,1,817800,106,105,539,2204
2023,4,22042211,17,351,SC,1,917800,4,4,8,2204
2023,8,22041090,17,77,SC,1,927700,5,5,11,2204
2023,8,22042100,17,434,PA,1,217800,49,49,174,2204
2023,9,22042100,17,467,PR,1,917800,23,14,43,2204
2023,5,22042910,17,476,PR,1,917800,18,29,20,2204
2023,7,22041090,17,741,MA,1,317903,21,19,38,2204
2023,3,22041010,17,845,RS,7,1010351,65,105,292,2204
2023,4,22042100,17,301,RS,1,1017700,9,9,21,2204
2023,1,22041090,17,580,PR,1,917800,6,7,33,2204
2023,5,22042100,17,386,SP,1,817800,9,9,36,2204
2023,8,22042100,17,80,SP,1,817800,18,18,65,2204
2023,4,22041010,17,351,SP,1,917800,4,4,14,2204
2023,2,22042100,17,434,ES,1,727600,21,18,97,2204
2023,4,22042100,17,776,SP,1,917800,30,30,178,2204
2023,2,22042211,17,160,SP,4,817600,280,840,2058,2204
2023,6,22042100,17,741,SC,1,927700,43,43,108,2204
2023,9,22042100,17,434,MA,1,317903,5,5,30,2204
2023,1,22042100,17,580,MA,1,317903,102,102,447,2204
2023,6,22042100,17,741,MA,1,317903,128,137,456,2204
2023,8,22042100,17,161,ES,1,727600,2,2,7,2204
2023,7,22041010,17,580,MA,1,317903,4,4,15,2204
2023,7,22042100,17,160,BA,1,517800,2,2,5,2204
2023,7,22042211,17,580,SC,1,927800,5,4,10,2204
2023,2,22042100,17,160,ES,1,727600,38,42,321,2204
2023,6,22041010,17,628,SP,1,817800,1,1,4,2204
2023,7,22042100,17,249,RJ,4,717700,5,5,655,2204
2023,3,22042100,17,77,ES,1,710251,5,5,18,2204
2023,6,22042100,17,137,PR,1,917800,8,8,21,2204
2023,1,22042100,17,351,RS,1,1017700,41,41,128,2204
2023,1,22042100,17,580,RS,1,1017700,11,10,65,2204
2023,2,22042100,17,741,MA,1,317903,77,77,187,2204
2023,8,22042211,17,580,SP,1,817800,83,86,357,2204
2023,8,22042100,17,467,SP,1,817800,528,530,539,2204
2023,8,22041090,17,476,SC,1,917800,37,39,82,2204
2023,1,22042910,17,580,MA,1,317903,45,45,266,2204
2023,2,22042211,17,476,SP,1,817800,49,49,239,2204
2023,4,22041090,17,267,BA,1,517800,8,8,72,2204
2023,9,22042100,17,160,RS,1,1017700,59,59,209,2204
2023,1,22042100,17,77,PE,1,417900,34,34,78,2204
2023,5,22041090,17,741,RS,1,1017700,60,60,79,2204
2023,1,22042211,17,160,RJ,1,717800,14,14,51,2204
2023,5,22042100,17,434,MA,1,317903,32,32,197,2204
2023,9,22042100,17,586,RS,7,147800,15033,15033,24353,2204
2023,1,22042100,17,351,ES,1,727600,49,49,800,2204
2023,6,22042211,17,351,RJ,1,717800,18,18,78,2204
2023,3,22042100,17,249,RJ,1,717600,240,240,1546,2204
2023,4,22041090,17,63,RJ,1,717600,270,270,2562,2204
2023,7,22042100,17,341,SP,1,817800,6120,6104,11098,2204
2023,7,22041090,17,160,PE,1,817800,2970,6270,10264,2204
2023,9,22041090,17,23,PR,4,817600,4,6,6,2204
2023,5,22042100,17,267,SP,1,817800,9,9,34,2204
2023,7,22042211,17,399,RS,1,1017700,560,560,1050,2204
2023,5,22041090,17,586,RS,7,917500,79,79,236,2204
2023,1,22042100,17,741,SP,1,817800,14,14,104,2204
2023,3,22042100,17,628,MG,4,817600,58,118,2265,2204
2023,7,22042100,17,476,PR,1,917800,126,164,349,2204
2023,5,22042100,17,476,RJ,1,717800,9,8,32,2204
2023,2,22042910,17,77,SP,1,817800,24,24,63,2204
2023,4,22042920,17,476,SC,1,927700,50,50,78,2204
2023,3,22042100,17,434,SP,1,817800,137,202,614,2204
2023,9,22042211,17,628,SP,1,817800,1,1,12,2204
2023,8,22042100,17,458,SP,1,817800,160,960,2130,2204
2023,4,22042910,17,160,SP,1,817800,4,4,11,2204
2023,8,22041090,17,580,MA,1,317903,32,32,86,2204
2023,2,22042211,17,580,ES,1,727600,253,253,411,2204
2023,2,22041010,17,580,SP,1,817800,743,740,4349,2204
2023,2,22041010,17,351,ES,1,727600,10,18,62,2204
2023,9,22041010,17,160,SP,1,817800,2,5,9,2204
2023,4,22041090,17,77,SP,1,817800,9,9,25,2204
2023,7,22042211,17,741,SP,1,817800,73,72,297,2204
2023,9,22042100,17,77,PR,1,917800,8,8,32,2204
2023,4,22042100,17,607,SP,1,817800,18,18,36,2204
2023,8,22042100,17,160,ES,1,727600,24,24,423,2204
2023,3,22042211,17,476,PR,1,917800,14,14,44,2204
2023,5,22043000,17,628,SP,1,817800,9,9,21,2204
2023,4,22042910,17,741,MA,1,317903,3,3,13,2204
2023,1,22042100,17,160,RJ,1,717800,38,38,144,2204
2023,4,22041090,17,580,RS,1,1017700,9,9,10,2204
2023,1,22042100,17,434,SC,1,917800,66,105,279,2204
2023,1,22041090,17,97,RS,7,147600,1125,1125,3400,2204
2023,5,22041010,17,767,SP,4,817600,2,31,320,2204
2023,3,22041090,17,476,BA,1,517800,120,120,888,2204
2023,2,22041010,17,249,RS,1,1017700,10692,10827,27562,2204
2023,6,22042100,17,628,RJ,1,717600,27,25,184,2204
2023,7,22042211,17,160,SP,1,817800,36,36,86,2204
2023,2,22042100,17,741,PR,1,917800,50,52,168,2204
2023,4,22042100,17,341,RS,1,1017700,52110,52110,81054,2204
2023,8,22042100,17,476,BA,1,517800,1,1,7,2204
2023,3,22041090,17,628,SC,4,817600,3,7,135,2204
2023,1,22042100,17,741,SP,1,917800,46,46,162,2204
2023,4,22042100,17,351,RS,4,817600,1350,1350,9500,2204
2023,5,22042100,17,351,MA,1,317903,131,131,760,2204
2023,6,22042100,17,628,SC,1,917800,8,8,23,2204
2023,2,22042100,17,573,ND,4,817600,1374,1374,2979,2204
2023,4,22042100,17,341,SC,1,927800,1800,918,1917,2204
2023,9,22042100,17,434,ES,1,727600,98,98,228,2204
2023,1,22042211,17,160,SP,1,817800,11,7,391,2204
2023,2,22042100,17,538,AL,1,420154,14,14,25,2204
2023,8,22042100,17,586,SC,7,147800,6853,6853,8749,2204
2023,1,22042100,17,53,PE,1,417902,11,10,29,2204
2023,4,22042100,17,735,SP,1,817800,7043,7043,11938,2204
2023,6,22041090,17,399,ES,1,727600,9,9,12,2204
2023,8,22041090,17,434,BA,1,517800,42,42,301,2204
2023,3,22042100,17,63,SP,1,517800,18,18,439,2204
2023,3,22042100,17,77,SP,1,817800,19,15,74,2204
2023,4,22042910,17,607,AL,1,520100,1,1,12,2204
2023,8,22041090,17,845,PR,7,1010351,207,569,4528,2204
2023,3,22042211,17,83,SP,1,817800,25,25,174,2204
2023,9,22042920,17,741,SC,1,927502,5,5,12,2204
2023,4,22042100,17,434,SC,1,917800,59,57,159,2204
2023,5,22042100,17,580,PR,1,917800,21,21,222,2204
2023,6,22042920,17,741,SC,1,927700,2,2,23,2204
2023,7,22042100,17,434,PR,1,817800,17,17,112,2204
2023,6,22041010,17,434,RS,1,1017700,8,8,36,2204
2023,9,22041010,17,586,RS,7,917500,2506,2505,10323,2204
2023,5,22042100,17,161,SC,1,927700,33,33,95,2204
2023,6,22042100,17,580,SP,1,717800,9,9,49,2204
2023,1,22042211,17,476,SP,1,917800,13,13,28,2204
2023,6,22041090,17,163,PR,1,917800,9,10,27,2204
2023,9,22042100,17,359,ES,1,727600,18,18,113,2204
2023,5,22042100,17,580,ES,1,727600,37,37,159,2204
2023,7,22043000,17,580,SP,1,812051,5,5,16,2204
2023,7,22041090,17,735,SP,1,817800,68,68,322,2204
2023,9,22042100,17,476,SP,1,817800,9,9,41,2204
2023,9,22042211,17,160,RJ,1,717800,8,8,134,2204
2023,8,22042100,17,434,ES,1,710251,20,20,76,2204
2023,8,22042100,17,580,SC,1,927502,2,2,7,2204
2023,1,22043000,17,351,SP,1,817800,69,69,416,2204
2023,8,22042910,17,77,MA,1,317903,12,12,93,2204
2023,6,22042100,17,97,RS,7,147600,5626,7387,12503,2204
2023,4,22041010,17,232,RS,1,1017700,2376,2376,24234,2204
2023,4,22042100,17,23,SP,4,817600,94,94,716,2204
2023,1,22042211,17,434,PE,1,417902,12,13,67,2204
2023,4,22041010,17,40,RS,1,817800,10530,22698,142668,2204
2023,5,22041090,17,163,SP,1,817800,17,17,47,2204
2023,3,22042100,17,850,RS,7,260151,35280,35280,51825,2204
2023,9,22042100,17,580,RS,1,1017700,61,61,260,2204
2023,2,22042100,17,434,PR,1,917800,354,390,927,2204
2023,4,22042100,17,289,RS,1,1017700,1826,1826,16394,2204
2023,2,22042100,17,580,PR,1,927700,9,11,23,2204
2023,5,22042100,17,476,PR,1,917800,89,125,182,2204
2023,3,22042100,17,63,RJ,1,817800,1638,1638,10781,2204
2023,3,22042100,17,434,MA,1,317903,61,61,274,2204
2023,1,22042100,17,467,PE,1,417902,36,35,108,2204
2023,9,22042100,17,232,SC,1,927502,14,14,56,2204
2023,1,22041090,17,40,SP,1,817800,135,135,720,2204
2023,7,22042910,17,351,ES,1,727600,12,12,96,2204
2023,6,22041010,17,97,RS,7,147600,4658,4775,15779,2204
2023,3,22042100,17,628,ES,1,710251,5,7,28,2204
2023,5,22042100,17,580,ES,1,917800,18,18,104,2204
2023,9,22042211,17,476,RS,1,1017700,18,18,26,2204
2023,8,22042100,17,580,RS,1,1017700,88,88,375,2204
2023,1,22041090,17,580,ES,1,727600,23,23,68,2204
2023,5,22042100,17,83,SP,1,817800,5,5,16,2204
2023,6,22041010,17,767,SP,4,817600,0,28,16,2204
2023,9,22042211,17,434,ES,1,727600,183,174,670,2204
2023,2,22042100,17,351,SC,1,927700,88,92,180,2204
2023,9,22042100,17,160,SC,1,927700,114,114,376,2204
2023,3,22041010,17,301,PA,1,240152,2,2,14,2204
2023,9,22042100,17,434,RS,1,1017700,60,60,332,2204
2023,7,22042100,17,741,SP,1,817800,44,43,283,2204
2023,6,22042211,17,741,ES,1,727600,23,21,121,2204
2023,3,22042100,17,359,MA,1,317903,26,26,184,2204
2023,9,22042100,17,476,CE,1,317900,10,10,26,2204
2023,2,22042100,17,607,RJ,1,717600,9,9,40,2204
2023,9,22042100,17,351,SP,4,817600,270,270,566,2204
2023,6,22042100,17,301,PA,1,217800,6,24,26,2204
2023,9,22042100,17,137,PR,1,917800,18,18,32,2204
2023,5,22042100,17,77,PA,1,217800,211,211,256,2204
2023,2,22042100,17,741,SC,1,927700,32,32,137,2204
2023,6,22042211,17,776,SP,1,817800,2,2,17,2204
2023,8,22042211,17,359,MA,1,317903,1260,1193,3176,2204
2023,7,22042910,17,351,MA,1,317903,16,16,32,2204
2023,4,22041010,17,434,RS,1,1017700,71,71,220,2204
2023,5,22042211,17,607,RJ,1,717800,48,47,218,2204
2023,7,22042100,17,580,SP,1,812051,16,16,54,2204
2023,8,22042100,17,467,AM,1,227600,9,9,9,2204
2023,3,22041010,17,351,ES,1,727600,1,1,6,2204
2023,1,22041010,17,301,RJ,1,717800,11,11,33,2204
2023,2,22042100,17,351,AL,1,520100,5,1,63,2204
2023,2,22042100,17,163,SP,1,817800,9,9,33,2204
2023,4,22042211,17,607,SP,1,817800,10,10,85,2204
2023,4,22042211,17,275,RJ,1,717800,8,8,36,2204
2023,3,22042100,17,767,RS,1,817800,1485,1485,17190,2204
2023,4,22042100,17,434,SC,1,927502,48,48,161,2204
2023,2,22042910,17,741,SP,1,817800,1,1,3,2204
2023,6,22041010,17,767,SC,1,927700,1,1,10,2204
2023,5,22042100,17,249,RS,1,1017700,8892,8892,12070,2204
2023,1,22042211,17,580,SP,1,917800,31,31,80,2204
2023,7,22042100,17,434,PR,1,917800,86,86,272,2204
2023,6,22042100,17,160,SP,1,817800,26,29,171,2204
2023,1,22042100,17,741,AM,1,227600,2,1,14,2204
2023,3,22042100,17,160,SC,1,927700,35,37,453,2204
2023,1,22042100,17,607,RJ,1,717600,18,17,79,2204
2023,9,22042211,17,580,SC,1,927700,12,12,24,2204
2023,5,22042211,17,77,RJ,1,717800,20,19,70,2204
2023,4,22042100,17,586,SP,7,917500,18422,16854,44860,2204
2023,8,22041090,17,476,SP,1,817800,9,9,47,2204
2023,2,22041090,17,351,ES,1,727600,5,5,7,2204
2023,8,22042100,17,351,SP,1,817800,1,1,4,2204
2023,9,22041010,17,40,SP,1,817800,45,45,240,2204
2023,9,22042211,17,476,PR,1,917800,28,28,93,2204
2023,2,22041010,17,741,SC,1,927700,4,4,40,2204
2023,1,22041010,17,160,RS,1,1017700,1188,1461,4196,2204
2023,2,22041090,17,586,RS,7,917500,5634,5634,16166,2204
2023,5,22042100,17,160,RS,4,817600,36,47,74,2204
2023,4,22041090,17,741,PR,1,927502,48,48,122,2204
2023,1,22042100,17,434,RJ,1,717600,28,27,124,2204
2023,6,22042100,17,200,RS,1,1017700,968,968,5631,2204
2023,6,22042100,17,351,SP,4,817600,1980,1980,4456,2204
2023,6,22042100,17,351,PR,1,927700,40,40,129,2204
2023,8,22042100,17,476,SC,1,927502,15,14,77,2204
2023,3,22042100,17,77,PR,1,917800,1,1,54,2204
2023,4,22042211,17,628,SP,1,817800,1,1,6,2204
2023,5,22042100,17,741,AL,1,517800,23,37,155,2204
2023,5,22041010,17,767,RS,1,817800,54,117,1150,2204
2023,8,22042211,17,580,ES,1,727600,46,46,125,2204
2023,5,22041010,17,160,RS,1,1017700,8,8,86,2204
2023,9,22042100,17,476,PR,1,917800,80,114,165,2204
2023,3,22041090,17,249,RS,1,1017700,1242,1242,5647,2204
2023,2,22042100,17,149,RS,1,1017700,10863,10863,37196,2204
2023,2,22041090,17,476,PA,1,217800,4,4,23,2204
2023,9,22042100,17,538,SC,1,927700,38,38,112,2204
2023,4,22042100,17,467,SP,1,817800,133,100,495,2204
2023,4,22042211,17,160,SP,1,917800,12,12,17,2204
2023,9,22041010,17,160,RS,1,1017700,2,2,6,2204
2023,8,22042100,17,434,PR,1,917800,116,124,369,2204
2023,1,22041090,17,476,ES,1,727600,96,96,471,2204
2023,3,22042100,17,586,RS,7,917500,226317,226317,317022,2204
2023,4,22042920,17,467,SC,1,927700,1,1,9,2204
2023,7,22042100,17,160,SC,1,927700,1,1,7,2204
2023,2,22042910,17,160,MA,1,317903,108,108,172,2204
2023,1,22042100,17,845,RS,7,1010351,83160,83160,98315,2204
2023,3,22041010,17,580,ES,1,727600,14,12,86,2204
2023,1,22042100,17,476,BA,1,517800,12,12,76,2204
2023,2,22042100,17,467,RJ,1,717600,18,18,84,2204
2023,5,22041090,17,289,SP,1,817800,225,225,998,2204
2023,7,22042100,17,434,ES,1,727600,37,10,279,2204
2023,7,22042100,17,580,PR,1,917800,8,8,17,2204
2023,4,22042211,17,351,SC,1,927700,63,63,144,2204
2023,8,22042100,17,434,SP,1,727600,1328,1328,2748,2204
2023,4,22041010,17,467,SP,1,817800,5,5,55,2204
2023,2,22042211,17,741,ES,1,727600,3,3,9,2204
2023,1,22042211,17,476,SP,1,817800,51,50,144,2204
2023,5,22042100,17,467,SP,1,817800,18,18,55,2204
2023,7,22042100,17,301,SP,1,817800,10,10,56,2204
2023,4,22042910,17,580,SP,1,817800,31,48,182,2204
2023,1,22042211,17,580,ES,1,727600,55,55,114,2204
2023,9,22042211,17,351,SP,1,817800,87,121,413,2204
2023,3,22042100,17,137,SP,1,817800,90,91,627,2204
2023,1,22042100,17,476,MA,1,317903,27,27,95,2204
2023,1,22042100,17,351,SC,1,927700,22,22,124,2204
2023,9,22042100,17,607,PA,0,210200,2,2,12,2204
2023,7,22042910,17,249,RS,4,817600,7,7,37,2204
2023,2,22041010,17,603,SP,1,817800,90,90,471,2204
2023,3,22042211,17,476,ES,1,727600,12,12,55,2204
2023,5,22042100,17,741,ES,1,727600,36,35,353,2204
2023,7,22042100,17,476,RJ,1,717800,19,19,81,2204
2023,6,22042100,17,351,PR,1,917800,73,107,129,2204
2023,4,22042910,17,580,MA,1,317903,4,4,7,2204
2023,1,22041010,17,467,RS,1,1017700,6,6,61,2204
2023,9,22042100,17,351,ES,1,710251,2,2,15,2204
2023,7,22042100,17,244,PA,1,217800,11,44,49,2204
2023,7,22041090,17,341,RS,1,1017700,1188,1338,4219,2204
2023,4,22042100,17,351,SP,1,717600,9,12,34,2204
2023,3,22041090,17,190,ES,1,817800,28,28,103,2204
2023,9,22042100,17,434,ES,1,710251,3,3,8,2204
2023,2,22042100,17,23,AL,1,517800,36,30,206,2204
2023,8,22041010,17,386,RS,1,817800,1440,1440,19740,2204
2023,5,22042100,17,163,SP,1,817800,2,2,6,2204
2023,4,22042100,17,351,RS,1,1017700,18,18,53,2204
2023,4,22042100,17,137,BA,1,517800,66,66,251,2204
2023,4,22042100,17,538,PR,1,917800,46,103,130,2204
2023,9,22041090,17,580,PR,1,917800,18,20,53,2204
2023,5,22042100,17,160,AL,1,517800,6,5,13,2204
2023,1,22042100,17,580,RJ,1,710251,90,80,305,2204
2023,1,22041010,17,160,RS,1,927800,9,9,39,2204
2023,6,22042910,17,351,MA,1,317903,52,52,126,2204
2023,8,22042100,17,23,RS,1,1017700,1440,1440,8350,2204
2023,6,22042100,17,476,ES,1,727600,76,81,527,2204
2023,5,22042910,17,351,MA,1,317903,54,54,245,2204
2023,4,22042100,17,580,ES,1,710251,70,70,261,2204
2023,3,22043000,17,741,SP,1,817800,33,33,164,2204
2023,6,22042100,17,249,RS,1,1017700,356,356,1092,2204
2023,3,22041090,17,628,BA,1,517800,9,9,90,2204
2023,9,22042100,17,351,MA,1,317903,89,89,578,2204
2023,1,22042100,17,351,SP,1,817800,50,49,339,2204
2023,6,22042100,17,467,SC,1,927700,46,49,113,2204
2023,4,22042100,17,476,RJ,1,717600,6,6,131,2204
2023,5,22042100,17,434,RJ,1,717600,29,34,125,2204
2023,2,22042100,17,351,MA,1,317903,214,214,636,2204
2023,9,22042100,17,538,MA,1,317903,18,18,75,2204
2023,9,22042211,17,351,SC,1,917800,8,8,17,2204
2023,9,22041090,17,586,RS,7,917500,7308,7305,30830,2204
2023,6,22042100,17,160,RS,1,1017700,67,66,271,2204
2023,5,22042100,17,580,ES,1,710251,9,9,113,2204
2023,2,22042100,17,580,RJ,1,717600,3,3,14,2204
2023,7,22042100,17,607,SP,1,817800,3,162,8,2204
2023,6,22042100,17,434,PR,1,927700,46,46,112,2204
2023,3,22042100,17,476,MA,1,217800,7,7,55,2204
2023,4,22042100,17,628,RJ,0,710252,9,9,33,2204
2023,1,22041010,17,40,SP,1,817800,135,135,720,2204
2023,3,22042211,17,77,SP,1,817800,33,32,122,2204
2023,6,22042100,17,476,PA,1,217800,6,6,47,2204
2023,3,22042211,17,741,RJ,1,717800,77,77,225,2204
2023,5,22042100,17,776,MA,1,317903,8,5,105,2204
2023,1,22042211,17,53,PE,1,417902,8,8,33,2204
2023,7,22041090,17,351,MA,1,317903,26,25,84,2204
2023,7,22042100,17,628,RS,1,1017700,2300,2385,18386,2204
2023,3,22042910,17,434,MA,1,317903,62,62,100,2204
2023,7,22041010,17,351,SC,1,927700,4,4,44,2204
2023,5,22042100,17,351,ES,1,727600,93,89,390,2204
2023,7,22042910,17,586,PR,7,917500,2,3,151,2204
2023,4,22041090,17,232,RS,1,1017700,414,414,2125,2204
2023,3,22042211,17,628,SP,1,817800,2,2,29,2204
2023,8,22042211,17,160,PR,1,917800,3,3,20,2204
2023,7,22042100,17,301,PA,1,217800,21,81,98,2204
2023,1,22042211,17,434,RJ,1,717600,56,56,301,2204
2023,2,22042100,17,23,RS,1,917800,1305,1305,9631,2204
2023,6,22041090,17,580,SP,1,817800,5,5,13,2204
2023,3,22042100,17,160,SC,1,917800,11,11,78,2204
2023,8,22042100,17,586,SC,7,917500,1200,14256,21024,2204
2023,1,22042100,17,580,PR,1,917800,2,2,18,2204
2023,3,22041010,17,80,SP,1,817800,2,3,19,2204
2023,2,22043000,17,580,SP,1,817800,1,1,2,2204
2023,5,22042100,17,580,RS,1,1017700,16,16,72,2204
2023,1,22042100,17,607,ND,4,517801,310,310,5367,2204
2023,1,22041090,17,351,RS,1,1017700,42,42,50,2204
2023,6,22042100,17,351,RS,4,817600,630,630,3461,2204
2023,8,22042100,17,858,PR,1,917800,21,27,70,2204
2023,2,22042100,17,244,RS,1,817800,338,338,1652,2204
2023,1,22042100,17,476,RS,1,1017800,42,42,394,2204
2023,6,22042100,17,351,BA,1,517800,17,17,81,2204
2023,8,22041010,17,580,SP,1,817800,17,17,139,2204
2023,5,22042100,17,351,PR,1,817800,14,14,51,2204
2023,5,22042100,17,580,MA,1,317903,27,27,195,2204
2023,9,22042100,17,476,ES,1,727600,75,74,353,2204
2023,9,22043000,17,77,SP,1,817800,28,28,108,2204
2023,1,22042100,17,43,RJ,1,717600,81,77,376,2204
2023,2,22042100,17,77,SP,1,817800,18,18,135,2204
2023,6,22042100,17,351,ES,1,727600,52,52,532,2204
2023,4,22042219,17,741,RS,1,1017700,18,18,61,2204
2023,2,22042100,17,476,RS,1,1017700,41,41,79,2204
2023,4,22042211,17,476,SC,1,927700,16,16,28,2204
2023,8,22042100,17,476,SP,1,817800,9,8,33,2204
2023,1,22042100,17,586,RS,7,917500,53505,53505,77724,2204
2023,1,22042100,17,628,RJ,1,717800,8,8,33,2204
2023,7,22042211,17,580,PR,1,917800,3,3,36,2204
2023,5,22042100,17,741,AM,1,227600,48,48,228,2204
2023,1,22041010,17,776,SP,1,717600,7,7,43,2204
2023,1,22041090,17,580,MA,1,317903,119,130,353,2204
2023,4,22042100,17,628,SP,1,817800,12,12,129,2204
2023,5,22042100,17,399,PA,1,217800,51,204,211,2204
2023,6,22042211,17,580,SP,1,917800,5,5,38,2204
2023,1,22041090,17,434,SP,1,817800,18,18,65,2204
2023,4,22042100,17,43,RJ,1,717600,5,4,22,2204
2023,8,22042910,17,580,PE,1,417902,12,12,110,2204
2023,9,22042100,17,434,SP,1,917800,374,374,1755,2204
2023,5,22042219,17,160,SC,1,927502,14,14,69,2204
2023,9,22042100,17,538,ES,1,727600,45,45,861,2204
2023,2,22042100,17,245,RS,4,817700,36,36,1773,2204
2023,9,22042100,17,628,RS,1,1017700,1890,1890,7560,2204
2023,8,22042100,17,351,SC,1,917800,45,45,109,2204
2023,5,22042100,17,275,RS,1,817800,927,927,4130,2204
2023,9,22042100,17,434,RJ,1,717800,14,13,60,2204
2023,1,22042100,17,476,SP,1,817800,84,83,349,2204
2023,5,22042100,17,43,RJ,1,710251,9,5,33,2204
2023,7,22042100,17,741,PA,0,210200,26,26,135,2204
2023,4,22042100,17,386,SP,1,717600,1688,1684,21610,2204
2023,1,22041010,17,434,SP,1,817800,5,6,33,2204
2023,3,22042100,17,23,AL,1,417902,6,3,271,2204
2023,8,22042100,17,434,AM,1,227600,17,17,131,2204
2023,2,22042100,17,476,PR,1,917800,71,71,204,2204
2023,1,22042100,17,149,RS,4,817600,675,675,4979,2204
2023,8,22041010,17,580,RJ,1,817800,5,9,9,2204
2023,5,22042211,17,580,MA,1,317903,2,2,35,2204
2023,6,22042211,17,434,SP,1,817800,14,13,49,2204
2023,1,22042910,17,476,RS,1,1017800,9,9,70,2204
2023,3,22041010,17,160,SC,1,927502,4,4,39,2204
2023,1,22042219,17,741,RS,1,1017700,36,36,87,2204
2023,1,22042211,17,741,SC,1,927502,2,2,51,2204
2023,7,22042100,17,589,RS,1,1017700,12228,12240,21332,2204
2023,1,22042100,17,476,RJ,1,717800,37,35,171,2204
2023,7,22042100,17,163,SP,1,817800,5,5,17,2204
2023,2,22042100,17,341,RS,1,927800,17055,17055,25328,2204
2023,2,22042100,17,163,ES,1,727600,5,5,26,2204
2023,1,22042100,17,476,PR,1,917800,31,200,116,2204
2023,9,22042100,17,741,RS,1,1017700,4,4,34,2204
2023,5,22042100,17,399,ES,1,727600,18,18,36,2204
2023,6,22042100,17,77,SP,1,817800,7,6,34,2204
2023,8,22041010,17,249,RS,1,1017700,42881,43157,122984,2204
2023,2,22042100,17,337,AM,7,260152,96,96,280,2204
2023,1,22042219,17,399,SC,1,927502,23,23,65,2204
2023,4,22042100,17,434,SP,1,817800,182,150,781,2204
2023,6,22042211,17,741,SP,1,817800,7,6,18,2204
2023,6,22042100,17,580,ES,1,727600,36,32,203,2204
2023,2,22042100,17,160,SP,1,817800,42,42,423,2204
2023,3,22041090,17,845,RS,7,1010351,803,1537,7489,2204
2023,4,22042100,17,476,SC,1,917800,5,4,12,2204
2023,6,22042100,17,827,SP,1,917800,5,5,18,2204
2023,7,22042100,17,434,RJ,1,717800,27,22,116,2204
2023,6,22042100,17,23,PA,1,217800,2,8,9,2204
2023,6,22042211,17,476,ES,1,727600,100,107,485,2204
2023,4,22042100,17,160,SP,1,817800,58,58,205,2204
2023,3,22042211,17,160,SP,1,817800,17,17,230,2204
2023,3,22042100,17,580,RS,1,1017700,5,5,58,2204
2023,2,22042910,17,351,SP,1,817800,10,10,41,2204
2023,4,22042211,17,467,RJ,1,717800,37,37,173,2204
2023,8,22042211,17,160,ES,1,727600,11,11,206,2204
2023,4,22041010,17,160,SP,1,817800,4,4,20,2204
2023,2,22042219,17,351,SC,1,927502,7,7,24,2204
2023,7,22042211,17,476,SC,1,917800,14,14,43,2204
2023,3,22042100,17,586,SP,7,917500,9854,7391,49270,2204
2023,7,22042211,17,580,SC,1,927700,4,4,8,2204
2023,3,22041090,17,351,PA,1,217800,19,19,94,2204
2023,1,22042100,17,580,ES,1,727600,22,22,170,2204
2023,1,22042100,17,434,SP,1,817800,49,41,236,2204
2023,9,22041010,17,628,RS,1,1017700,3465,3465,13167,2204
2023,9,22042100,17,628,SP,1,817800,270,270,973,2204
2023,4,22042211,17,83,SP,1,817800,12,12,23,2204
2023,7,22042100,17,607,RS,1,1017700,9,9,65,2204
2023,8,22043000,17,239,RS,1,1017700,12973,12973,30303,2204
2023,2,22042100,17,434,MA,1,317903,365,365,709,2204
2023,3,22042100,17,301,AM,1,227600,18,18,143,2204
2023,6,22042100,17,399,ES,1,727600,27,27,129,2204
2023,9,22041010,17,289,RS,1,1017700,9,9,35,2204
2023,7,22042910,17,160,MA,1,317903,8,8,13,2204
2023,2,22042100,17,434,RJ,1,717800,46,47,280,2204
2023,1,22042100,17,776,AL,1,420154,18,17,88,2204
2023,1,22042100,17,628,SP,1,817800,360,360,1040,2204
2023,6,22042100,17,741,RS,1,1017700,3,3,17,2204
2023,5,22042100,17,476,SP,1,717800,8,7,26,2204
2023,6,22042100,17,538,RS,1,1017700,5,5,20,2204
2023,8,22042100,17,467,SC,1,927700,3,3,10,2204
2023,2,22041090,17,476,ES,1,727600,18,18,51,2204
2023,1,22041090,17,434,ES,1,727600,4,4,14,2204
2023,5,22042100,17,351,SP,1,817800,333,281,1742,2204
2023,2,22042100,17,476,SC,1,927700,32,32,57,2204
2023,8,22041010,17,476,RS,1,1017700,20,20,65,2204
2023,5,22042100,17,77,PR,1,917800,35,89,79,2204
2023,6,22042100,17,580,SP,1,817800,120,122,614,2204
2023,1,22041010,17,467,SP,1,717600,412,218,32096,2204
2023,9,22042100,17,580,PR,1,927502,8,11,21,2204
2023,3,22042100,17,467,RS,1,1017700,20,20,82,2204
2023,8,22042100,17,351,RJ,1,717800,6,6,18,2204
2023,8,22041090,17,434,PR,1,917800,21,23,68,2204
2023,8,22043000,17,580,SP,1,817800,51,51,212,2204
2023,2,22042100,17,741,SP,1,817800,30,30,164,2204
2023,5,22042100,17,160,SP,1,817800,73,299,879,2204
2023,3,22042100,17,580,SP,1,817800,199,200,1924,2204
2023,4,22042100,17,580,ES,1,727600,34,34,183,2204
2023,2,22042100,17,43,RJ,1,717600,36,33,191,2204
2023,9,22042100,17,434,PA,1,217800,6,6,14,2204
2023,3,22042100,17,476,MA,1,317903,78,78,526,2204
2023,4,22041010,17,245,SP,4,817600,36,36,497,2204
2023,1,22041090,17,580,RJ,1,927800,2952,3863,20836,2204
2023,3,22042211,17,580,RJ,1,717800,24,23,91,2204
2023,7,22042211,17,160,SC,1,927700,115,115,259,2204
2023,8,22042100,17,580,SC,1,927700,40,40,85,2204
2023,9,22042910,17,467,MA,1,317903,80,80,143,2204
2023,1,22042100,17,607,SP,1,817800,55,55,153,2204
2023,7,22041010,17,163,RS,1,1017700,4,4,18,2204
2023,9,22041090,17,434,SP,1,817800,10,10,50,2204
2023,8,22042100,17,476,ES,1,727600,18,18,166,2204
2023,6,22042100,17,77,RJ,1,710251,10,10,35,2204
2023,1,22042100,17,244,RS,1,817800,225,225,1101,2204
2023,2,22041090,17,163,PR,1,917800,28,28,95,2204
2023,1,22043000,17,399,SP,1,817800,9,9,34,2204
2023,5,22042100,17,160,AL,1,440151,432,432,210,2204
2023,7,22042100,17,160,ES,1,727600,39,39,417,2204
2023,5,22042100,17,43,SP,1,817800,12,0,46,2204
2023,2,22042211,17,434,SC,1,927700,10,10,68,2204
2023,7,22041010,17,476,RS,1,1017700,21,21,67,2204
2023,5,22042100,17,69,RS,4,817600,540,540,807,2204
2023,5,22042100,17,467,SC,1,927700,18,55,44,2204
2023,3,22042211,17,741,SP,1,817800,3,3,21,2204
2023,1,22042100,17,580,RJ,1,717600,7,7,47,2204
2023,9,22042211,17,434,RJ,1,717800,12,11,49,2204
2023,2,22042100,17,580,ES,1,710251,3,5,23,2204
2023,3,22041010,17,586,RS,7,917500,2871,2871,12604,2204
2023,1,22041090,17,476,MA,1,317903,9,9,23,2204
2023,1,22041010,17,767,SP,4,817600,1,1,98,2204
2023,9,22043000,17,289,RS,1,1017700,4,4,14,2204
2023,3,22041090,17,23,ND,4,817600,36,36,702,2204
2023,2,22042211,17,434,RS,1,1017700,83,83,104,2204
2023,3,22042910,17,580,SP,1,817800,38,39,251,2204
2023,3,22042100,17,163,SP,1,817800,7,6,21,2204
2023,1,22042100,17,434,BA,1,517800,45,36,316,2204
2023,6,22042100,17,476,MA,1,317903,60,60,313,2204
2023,2,22042211,17,351,SP,1,817800,84,78,279,2204
2023,3,22042100,17,301,AL,1,517800,24,23,70,2204
2023,3,22042100,17,23,SP,4,817600,90,68,512,2204
2023,3,22042100,17,341,SP,1,817800,3510,3576,6365,2204
2023,9,22041090,17,628,SC,4,817700,2,3,91,2204
2023,9,22041090,17,160,PA,1,217800,1,1,11,2204
2023,8,22041010,17,434,RS,1,1017700,3,3,12,2204
2023,3,22042100,17,434,PR,1,917800,54,54,161,2204
2023,3,22042211,17,476,SP,1,817800,35,35,316,2204
2023,7,22042100,17,580,SC,1,927800,5,4,28,2204
2023,8,22042910,17,434,SP,1,817800,4,4,7,2204
2023,5,22042100,17,741,PR,1,917800,121,131,142,2204
2023,7,22042100,17,351,ES,1,727600,78,78,525,2204
2023,7,22041090,17,434,MA,1,317903,29,30,83,2204
2023,2,22042100,17,63,RJ,1,717600,36,36,913,2204
2023,3,22042211,17,160,SP,1,917800,6,6,45,2204
2023,1,22042100,17,434,ES,1,727600,53,53,313,2204
2023,5,22042211,17,467,SP,1,817800,15,15,78,2204
2023,2,22042211,17,741,SP,1,817800,8,8,50,2204
2023,4,22042100,17,580,PA,0,210200,47,52,208,2204
2023,7,22042100,17,476,ES,1,727600,44,44,300,2204
2023,6,22042100,17,77,MA,1,317903,9,9,16,2204
2023,4,22042211,17,741,ES,1,727600,14,14,76,2204
2023,4,22042211,17,351,RJ,1,717600,18,18,61,2204
2023,7,22042211,17,476,SP,1,817800,59,58,280,2204
2023,4,22042100,17,580,PR,1,917800,52,56,152,2204
2023,1,22042100,17,43,SP,1,817800,36,36,147,2204
2023,7,22042100,17,476,ES,1,710251,9,9,46,2204
2023,8,22042100,17,741,ES,1,727600,22,21,134,2204
2023,1,22041090,17,63,RJ,1,817800,261,261,2220,2204
2023,7,22041010,17,249,RS,1,1017700,32976,33190,93587,2204
2023,8,22042211,17,580,RS,1,1017700,51,51,53,2204
2023,8,22042211,17,351,SC,1,917800,8,8,19,2204
2023,1,22042100,17,467,ES,1,727600,18,16,94,2204
2023,5,22042100,17,163,MA,1,317903,4,4,36,2204
2023,5,22042100,17,434,ES,1,727600,33,57,223,2204
2023,1,22041010,17,434,CE,1,317900,3,3,30,2204
2023,5,22042100,17,351,RJ,1,717800,14,14,50,2204
2023,8,22043000,17,169,RS,1,1017700,13907,13907,32285,2204
2023,6,22042211,17,351,ES,1,727600,69,69,273,2204
2023,6,22042100,17,160,SC,1,927700,2,2,15,2204
2023,8,22042920,17,467,SC,1,927700,14,14,31,2204
2023,5,22041090,17,351,ES,1,727600,36,36,111,2204
2023,6,22042100,17,337,AM,7,260152,60,60,149,2204
2023,3,22042100,17,467,SP,1,817800,109,114,602,2204
2023,9,22042100,17,289,SP,1,817800,2340,2351,8233,2204
2023,1,22042100,17,538,AL,1,517800,23,22,101,2204
2023,8,22041090,17,351,SP,1,817800,6,6,24,2204
2023,6,22042100,17,586,RS,7,147800,34200,34200,54982,2204
2023,6,22042910,17,580,MA,1,317903,51,51,114,2204
2023,2,22042100,17,160,PR,1,917800,24,24,208,2204
2023,8,22042211,17,434,SP,1,817800,14,14,46,2204
2023,5,22042100,17,351,RS,1,1017700,8,8,45,2204
2023,3,22042100,17,160,SC,1,927502,19,19,174,2204
2023,5,22042100,17,586,RS,7,917500,404856,403883,620866,2204
2023,4,22042100,17,163,PA,0,210200,45,45,317,2204
2023,7,22042100,17,190,MA,1,317903,2,2,35,2204
2023,4,22042100,17,160,ES,1,727600,40,29,624,2204
2023,8,22042211,17,351,RJ,1,717800,34,31,126,2204
2023,5,22042100,17,580,PR,1,927700,119,116,447,2204
2023,7,22043000,17,580,SP,1,817800,46,46,196,2204
2023,4,22042100,17,301,RJ,1,717800,32,16,85,2204
2023,9,22041090,17,351,RS,1,1017700,10,10,19,2204
2023,2,22042211,17,351,RS,1,1017700,69,69,86,2204
2023,5,22042100,17,43,RJ,1,717600,22,21,98,2204
2023,3,22041090,17,63,RJ,1,717600,1715,1715,15734,2204
2023,9,22042100,17,399,SP,1,817800,18,17,135,2204
2023,1,22042211,17,351,RS,1,1017700,23,23,20,2204
2023,6,22042910,17,476,MA,1,317903,27,27,150,2204
2023,6,22043000,17,434,SP,1,817800,14,13,40,2204
2023,1,22042211,17,434,RJ,1,717800,16,15,90,2204
2023,5,22041090,17,434,SC,1,917800,37,47,69,2204
2023,5,22042100,17,77,SP,1,817800,5,5,17,2204
2023,6,22041010,17,249,RS,1,1017700,797,797,5567,2204
2023,8,22042100,17,845,PR,7,1010351,10710,17603,59900,2204
2023,1,22042100,17,538,SP,1,927700,9,9,45,2204
2023,7,22042100,17,827,RJ,1,817800,2,2,10,2204
2023,3,22041090,17,476,SP,1,817800,3,3,6,2204
2023,8,22042910,17,351,MA,1,317903,11,11,60,2204
2023,4,22041090,17,77,MA,1,317903,8,8,21,2204
2023,6,22042100,17,580,ES,1,710251,1,1,9,2204
2023,3,22041090,17,163,PR,1,917800,33,33,95,2204
2023,9,22042100,17,538,SP,1,817800,100,100,668,2204
2023,4,22042100,17,351,SP,1,817800,49,40,362,2204
2023,3,22042211,17,476,RJ,1,717600,80,81,391,2204
2023,4,22042211,17,741,MA,1,317903,17,17,161,2204
2023,2,22041090,17,603,SP,1,817800,36,36,188,2204
2023,1,22042100,17,575,SC,1,927700,15,15,60,2204
2023,8,22042211,17,434,RS,1,1017700,63,63,67,2204
2023,2,22042100,17,399,SP,1,817800,64,64,230,2204
2023,8,22042211,17,351,SP,1,917800,3,3,22,2204
2023,1,22041090,17,160,RS,1,1017700,1188,1461,3621,2204
2023,3,22042100,17,628,BA,1,517800,72,72,605,2204
2023,7,22042100,17,476,SP,1,817800,235,272,1180,2204
2023,2,22042211,17,351,SP,1,917800,31,31,49,2204
2023,2,22042100,17,476,RJ,1,717600,27,27,323,2204
2023,4,22042100,17,77,RS,1,1017700,14,14,52,2204
2023,6,22041010,17,461,SP,1,817800,284,284,1660,2204
2023,4,22042100,17,476,PA,1,217800,48,48,252,2204
2023,3,22042100,17,767,MA,1,317903,17,17,56,2204
2023,7,22042100,17,580,AL,1,440151,2,2,16,2204
2023,2,22041090,17,434,PR,1,917800,5,5,11,2204
2023,3,22042100,17,476,RJ,1,717800,18,17,78,2204
2023,6,22041090,17,580,PR,1,917800,16,16,63,2204
2023,7,22041010,17,158,RS,7,1017500,1696,1656,7574,2204
2023,8,22042211,17,580,ES,1,710251,0,0,50,2204
2023,2,22042100,17,434,ES,1,710251,5,10,20,2204
2023,9,22042910,17,580,SP,1,817800,16,16,69,2204
2023,6,22042100,17,741,SC,1,917800,43,41,106,2204
2023,2,22041010,17,149,RS,1,1017700,4068,4068,15427,2204
2023,1,22042100,17,580,SP,1,927800,900,920,6662,2204
2023,6,22042100,17,580,PR,1,917800,11,11,27,2204
2023,5,22041010,17,434,SC,1,927502,2,2,22,2204
2023,8,22042100,17,351,RS,1,1017700,57,57,246,2204
2023,8,22042100,17,275,RS,1,817800,900,900,5167,2204
2023,9,22042910,17,434,PA,1,217800,11,11,34,2204
2023,5,22042100,17,628,AL,1,440151,12,12,44,2204
2023,8,22042100,17,160,RS,1,1017700,18,18,78,2204
2023,9,22041090,17,289,SP,1,817800,315,325,1427,2204
2023,9,22041090,17,161,RS,1,1017700,1080,1080,3576,2204
2023,7,22041010,17,40,RS,1,817800,10800,23280,145680,2204
2023,4,22042100,17,434,ES,1,727600,2,2,46,2204
2023,9,22042100,17,741,MA,1,217800,9,8,84,2204
2023,6,22041090,17,476,ES,1,727600,37,37,130,2204
2023,7,22042100,17,741,MA,1,317903,136,136,684,2204
2023,7,22042211,17,580,SP,1,817800,220,224,838,2204
2023,9,22042100,17,351,SC,1,927502,30,30,104,2204
2023,9,22042100,17,351,SC,1,917800,48,48,104,2204
2023,3,22042100,17,476,PR,1,917800,2,2,7,2204
2023,1,22042100,17,160,RS,1,1017700,3954,3950,8109,2204
2023,5,22041010,17,580,SP,1,817800,1,1,3,2204
2023,8,22042100,17,351,MA,1,317903,190,190,427,2204
2023,5,22042211,17,43,RJ,1,717600,20,20,86,2204
2023,6,22042100,17,607,SP,1,817800,9,9,35,2204
2023,5,22042100,17,538,SC,1,927700,61,61,225,2204
2023,3,22042211,17,160,ES,1,727600,5,5,12,2204
2023,3,22042100,17,628,SC,1,927700,3,3,42,2204
2023,7,22041090,17,476,MA,1,317903,28,28,81,2204
2023,2,22042100,17,575,ES,1,727600,8,8,44,2204
2023,8,22042100,17,43,RJ,1,717600,14,14,57,2204
2023,9,22041090,17,40,SP,1,817800,45,45,240,2204
2023,5,22041090,17,476,SP,1,817800,24,24,84,2204
2023,5,22041090,17,160,RS,4,817600,11,15,29,2204
2023,6,22042211,17,434,ES,1,727600,101,100,548,2204
2023,6,22042100,17,434,BA,1,517800,12,12,82,2204
2023,4,22041090,17,163,SP,1,817800,20,20,78,2204
2023,2,22041090,17,434,SP,1,817800,6,6,22,2204
2023,3,22042100,17,434,ES,1,727600,9,9,51,2204
2023,1,22042100,17,87,RJ,1,717600,18,17,59,2204
2023,4,22042100,17,580,BA,1,510353,12,12,24,2204
2023,8,22042100,17,607,AM,1,227600,5,5,44,2204
2023,4,22041010,17,63,RJ,1,717600,1470,1470,12881,2204
2023,8,22042211,17,476,ES,1,727600,5,5,12,2204
2023,6,22042100,17,97,PR,7,147600,4192,2449,4935,2204
2023,7,22041010,17,434,RS,1,1017700,1,1,3,2204
2023,7,22042100,17,163,RS,1,1017700,14,14,36,2204
2023,6,22042100,17,351,PA,1,217800,46,46,58,2204
2023,2,22041090,17,580,ES,1,717800,5,5,14,2204
2023,7,22041010,17,467,RS,1,1017700,5,5,19,2204
2023,2,22042100,17,695,PR,1,917800,18,16,31,2204
2023,1,22042211,17,43,RJ,1,717600,1,1,7,2204
2023,1,22042100,17,301,RJ,1,727600,32,30,206,2204
2023,8,22042910,17,359,MA,1,317903,32,32,59,2204
2023,4,22042211,17,69,SP,1,817800,280,840,1988,2204
2023,5,22041010,17,271,RS,1,817800,180,180,1770,2204
2023,7,22042100,17,580,SC,1,927700,30,30,66,2204
2023,1,22042100,17,573,ND,4,817600,710,710,1564,2204
2023,1,22041090,17,434,ES,1,717800,18,18,52,2204
2023,3,22042100,17,580,SC,1,927700,23,24,52,2204
2023,1,22042211,17,160,PE,1,417902,4,4,16,2204
2023,1,22042100,17,776,SP,1,717600,9,9,49,2204
2023,8,22042100,17,458,RS,1,817800,2700,2700,4122,2204
2023,6,22041090,17,476,PR,1,917800,41,54,205,2204
2023,4,22042100,17,586,SC,7,917500,1770,1770,1568,2204
2023,7,22042100,17,580,SP,1,817800,225,215,1145,2204
2023,1,22042100,17,580,ES,1,710251,5,7,23,2204
2023,6,22042100,17,359,MA,1,317903,86,86,636,2204
2023,1,22042100,17,160,AL,1,440151,65,51,235,2204
2023,1,22042100,17,351,MA,1,317903,341,358,1536,2204
2023,3,22042100,17,580,MA,1,317903,96,95,548,2204
2023,5,22042100,17,341,SC,1,927800,1800,918,1944,2204
2023,5,22042100,17,434,RS,1,1017700,50,50,147,2204
2023,9,22042100,17,467,SP,1,817800,117,115,840,2204
2023,3,22042100,17,399,MA,1,317903,16,16,36,2204
2023,9,22041090,17,23,SP,4,817700,6,6,11,2204
2023,3,22043000,17,267,SP,1,817800,14,14,45,2204
2023,6,22041090,17,351,ES,1,727600,69,69,86,2204
2023,5,22042100,17,580,RJ,1,717800,32,32,116,2204
2023,7,22042100,17,341,RS,1,1017700,52335,52185,81246,2204
2023,8,22042100,17,90,SP,1,817800,24,16,153,2204
2023,9,22042100,17,580,PR,1,917800,255,270,667,2204
2023,3,22042211,17,467,MA,1,317903,42,41,123,2204
2023,8,22042100,17,476,SC,1,917800,10,10,57,2204
2023,6,22043000,17,741,SP,1,817800,10,10,35,2204
2023,2,22041010,17,476,RS,1,1017700,37,37,228,2204
2023,7,22042100,17,805,SP,1,817800,3,3,10,2204
2023,7,22042100,17,580,PA,1,217800,10,10,58,2204
2023,3,22042211,17,351,SP,1,727600,9,9,36,2204
2023,8,22042100,17,160,PA,0,210200,41,41,138,2204
2023,7,22042100,17,351,MA,1,317903,134,134,708,2204
2023,8,22042100,17,434,SP,1,817800,145,174,864,2204
2023,6,22042100,17,607,PE,1,417902,9,10,30,2204
2023,2,22042100,17,476,MA,1,317903,91,91,262,2204
2023,1,22042100,17,434,PE,1,417902,71,74,177,2204
2023,6,22042100,17,77,RS,1,1017700,92,92,209,2204
2023,4,22042100,17,249,RS,1,1017700,32616,32616,63101,2204
2023,3,22042100,17,244,RS,1,817800,585,585,2860,2204
2023,9,22042910,17,476,MA,1,317903,3,3,26,2204
2023,9,22041090,17,23,RS,4,817600,3,2,17,2204
2023,5,22043000,17,580,SP,1,817800,5,5,43,2204
2023,5,22041090,17,741,PA,1,217800,12,12,61,2204
2023,2,22042100,17,301,SC,1,927700,24,24,82,2204
2023,5,22042100,17,467,RJ,1,710251,18,16,65,2204
2023,1,22042100,17,83,SP,1,817800,15,15,53,2204
2023,7,22041010,17,301,RS,1,1017700,9,9,45,2204
2023,1,22042211,17,83,SP,1,817800,2,2,29,2204
2023,1,22042211,17,580,ES,1,710251,4,6,19,2204
2023,8,22042100,17,476,ES,1,817800,45,45,460,2204
2023,4,22042100,17,434,PR,1,917800,9,9,26,2204
2023,2,22042100,17,351,ES,1,710251,2,72,357,2204
2023,3,22041090,17,239,RS,1,1017700,360,360,1280,2204
2023,3,22041010,17,741,ES,1,727600,7,7,51,2204
2023,1,22042100,17,586,SP,7,917500,24300,24300,27000,2204
2023,3,22041090,17,63,RJ,1,817800,1985,1985,15835,2204
2023,8,22042100,17,160,PR,1,917800,8,8,20,2204
2023,3,22042100,17,603,PA,1,217800,34,136,140,2204
2023,8,22042100,17,586,SP,7,917500,36450,36450,40500,2204
2023,2,22042100,17,160,RS,1,1017700,9,9,19,2204
2023,8,22041010,17,161,ES,1,727600,1,1,11,2204
2023,1,22042211,17,580,SP,1,817800,105,104,447,2204
2023,3,22042100,17,351,ES,1,727600,37,40,262,2204
2023,1,22041090,17,476,ES,1,817800,23,23,154,2204
2023,3,22042910,17,476,SP,1,817800,6,6,32,2204
2023,3,22042211,17,580,SP,1,817800,95,96,1012,2204
2023,3,22042100,17,476,ES,1,727600,82,78,397,2204
2023,4,22042100,17,580,RS,1,1017700,33,33,166,2204
2023,7,22041090,17,586,RS,7,917500,4945,5703,15423,2204
2023,1,22042100,17,399,MA,1,317903,36,36,79,2204
2023,7,22042100,17,628,SP,1,817800,1,1,11,2204
2023,4,22041090,17,628,SP,1,817800,2,2,15,2204
2023,3,22042100,17,628,SC,4,817600,15,27,966,2204
2023,6,22041090,17,580,ES,1,817800,18,18,66,2204
2023,1,22041010,17,467,SC,1,927502,2,2,17,2204
2023,8,22042100,17,476,RS,1,1017700,18,18,58,2204
2023,1,22042100,17,351,ES,1,710251,28,28,78,2204
2023,7,22042100,17,467,SP,1,817800,131,131,502,2204
2023,5,22041010,17,586,RS,7,917500,300,220,1291,2204
2023,4,22042211,17,580,SP,1,917800,2,2,19,2204
2023,6,22041090,17,249,RS,1,1017700,428,428,1510,2204
2023,6,22043000,17,580,SP,1,817800,14,14,66,2204
2023,1,22042100,17,160,RS,1,927800,8105,8083,16180,2204
2023,4,22042910,17,386,SP,1,1017700,12,12,45,2204
2023,4,22043000,17,628,SP,1,817800,1,1,3,2204
2023,9,22042100,17,580,PR,1,817800,41,41,106,2204
2023,9,22042100,17,77,SP,1,817800,10,8,42,2204
2023,1,22042100,17,476,RS,1,1017700,17,17,102,2204
2023,9,22042211,17,160,SP,1,817800,68,62,575,2204
2023,4,22042211,17,83,ES,1,727600,9,2,28,2204
2023,6,22042100,17,493,PA,1,217800,3,3,19,2204
2023,2,22042910,17,580,SP,1,817800,31,32,228,2204
2023,9,22042100,17,434,RJ,1,717600,5,5,30,2204
2023,8,22042211,17,163,SP,1,817800,18,18,64,2204
2023,6,22042100,17,434,SP,1,817800,173,176,743,2204
2023,2,22042100,17,800,SP,1,817800,14550,14550,25235,2204
2023,7,22042100,17,845,PR,7,1010351,1287,1956,4433,2204
2023,6,22042100,17,538,SC,1,927502,34,33,151,2204
2023,8,22042100,17,434,MA,1,317903,15,15,108,2204
2023,4,22043000,17,163,SP,1,817800,2,2,8,2204
2023,8,22042100,17,586,PR,7,917500,20790,34164,40320,2204
2023,6,22042100,17,163,PE,1,417900,5,4,12,2204
2023,8,22042211,17,267,SP,1,817800,4,4,16,2204
2023,7,22042100,17,467,CE,1,317900,8,8,40,2204
2023,5,22041090,17,586,RS,7,147800,450,450,2260,2204
2023,6,22042100,17,341,SC,1,927800,1800,918,1944,2204
2023,4,22042100,17,741,PR,1,917800,9,10,19,2204
2023,2,22042910,17,301,SP,1,817800,2,2,17,2204
2023,3,22042211,17,741,PE,1,520100,8,8,29,2204
2023,5,22042211,17,77,SP,1,817800,12,15,23,2204
2023,6,22042100,17,705,PA,0,210200,39,39,139,2204
2023,4,22042211,17,434,SP,1,817800,25,25,93,2204
2023,8,22042100,17,351,AL,1,440151,5,5,68,2204
2023,9,22042100,17,160,RJ,1,717800,11,11,63,2204
2023,8,22042211,17,399,MA,1,317903,6,13,35,2204
2023,4,22042100,17,434,SC,1,927700,24,24,28,2204
2023,3,22042100,17,476,RJ,1,717600,15,15,74,2204
2023,4,22041010,17,249,RS,1,1017700,47412,47740,122218,2204
2023,7,22042211,17,434,SP,1,817800,54,54,238,2204
2023,4,22042100,17,341,SP,1,817800,2610,2659,4733,2204
2023,4,22042100,17,289,SP,1,817800,1530,1530,2423,2204
2023,3,22042910,17,160,SP,1,817800,17,17,98,2204
2023,1,22041090,17,163,PR,1,817800,2,2,5,2204
2023,1,22042910,17,163,MA,1,317903,13,13,57,2204
2023,3,22042100,17,399,AL,1,417902,5,4,7,2204
2023,8,22042100,17,351,PR,1,917800,70,70,135,2204
2023,7,22042211,17,580,ES,1,727600,33,51,133,2204
2023,7,22042920,17,741,SC,1,927502,5,5,12,2204
2023,4,22042100,17,741,SP,1,817800,7,7,41,2204
2023,3,22042100,17,200,SP,1,817800,2765,2765,3869,2204
2023,6,22042100,17,80,SP,1,817800,82,86,545,2204
2023,7,22041010,17,586,RS,7,917500,1916,2459,6406,2204
2023,4,22042100,17,476,SC,1,927700,8,8,41,2204
2023,2,22041090,17,580,RJ,1,927800,1359,1783,12678,2204
2023,2,22042910,17,160,SP,1,817800,19,18,134,2204
2023,4,22042100,17,163,SP,1,817800,29,40,143,2204
2023,3,22041090,17,628,RS,4,817600,111,111,1020,2204
2023,1,22042211,17,434,PE,1,417900,27000,26987,540,2204
2023,8,22042100,17,275,RS,4,817600,185,320,4697,2204
2023,7,22042100,17,301,PR,1,917800,24,24,101,2204
2023,6,22041010,17,586,RS,7,917500,270,271,1193,2204
2023,1,22042100,17,741,PE,1,417902,5,5,12,2204
2023,4,22042100,17,351,MA,1,317903,241,241,641,2204
2023,4,22042100,17,586,ES,7,917500,5236,3927,26180,2204
2023,1,22042100,17,160,PE,1,417902,3,3,8,2204
2023,5,22042211,17,476,ES,1,727600,28,28,116,2204
2023,2,22042100,17,476,ES,1,727600,18,18,64,2204
2023,8,22041010,17,580,RS,1,1017700,10,10,27,2204
2023,1,22042100,17,573,SC,1,927700,4,4,72,2204
2023,9,22042100,17,351,PR,1,927502,32,33,71,2204
2023,3,22042100,17,351,RS,1,1017700,8,9,56,2204
2023,3,22042211,17,434,SC,1,917800,12,12,23,2204
2023,4,22042100,17,267,RS,1,1017700,27,27,67,2204
2023,2,22042100,17,301,PA,1,217800,19,76,77,2204
2023,2,22042910,17,476,MA,1,317903,16,16,25,2204
2023,8,22042100,17,77,ES,1,710251,1,1,66,2204
2023,2,22042211,17,573,ES,1,727600,5,11,18,2204
2023,6,22042211,17,580,ES,1,727600,5,5,12,2204
2023,7,22041090,17,580,MA,1,317903,4,4,14,2204
2023,9,22042100,17,850,RS,7,260151,35280,35280,57232,2204
2023,2,22042100,17,87,RJ,1,717600,9,9,37,2204
2023,6,22042100,17,351,RJ,1,717800,53,53,265,2204
2023,8,22042100,17,434,SC,1,917800,10,9,20,2204
2023,3,22042211,17,741,ES,1,727600,5,5,25,2204
2023,9,22042910,17,351,ES,1,727600,8,8,116,2204
2023,1,22042211,17,476,RJ,1,717800,16,16,78,2204
2023,4,22042100,17,351,PR,1,917800,90,83,244,2204
2023,1,22041010,17,249,RS,1,1017700,12150,12259,31320,2204
2023,8,22041090,17,399,ES,1,727600,5,5,6,2204
2023,6,22042211,17,538,ES,1,727600,115,115,577,2204
2023,7,22042100,17,476,MA,1,317903,66,66,2155,2204
2023,1,22042100,17,580,PA,1,217800,29,29,408,2204
2023,8,22042100,17,434,SC,1,927800,9,12,47,2204
2023,8,22042100,17,580,SC,1,917800,36,36,80,2204
2023,6,22042100,17,434,CE,1,317900,39,39,154,2204
2023,4,22042100,17,476,ES,1,727600,21,21,91,2204
2023,4,22042100,17,77,PR,1,917800,18,18,47,2204
2023,3,22041010,17,467,SP,1,717600,900,900,9744,2204
2023,4,22041090,17,845,RS,7,1010351,281,601,2043,2204
2023,7,22042100,17,628,RS,4,717700,135,135,2907,2204
2023,5,22042211,17,741,RJ,1,717800,0,0,23,2204
2023,8,22042100,17,77,RS,1,1017700,27,27,194,2204
2023,5,22042211,17,580,SC,1,917800,11,11,22,2204
2023,6,22042100,17,476,SP,1,717800,3,3,11,2204
2023,6,22042100,17,476,AM,1,227600,2,2,18,2204
2023,6,22042100,17,845,PR,7,1010351,675,1188,6828,2204
2023,6,22041010,17,249,RS,1,817800,2232,2232,19642,2204
2023,9,22042100,17,607,RJ,1,717600,12870,12870,39072,2204
2023,3,22042100,17,63,RJ,1,717600,900,900,8351,2204
2023,9,22041090,17,467,MA,1,317903,1,1,2,2204
2023,5,22042100,17,628,PR,1,917800,120,120,610,2204
2023,5,22042100,17,149,MA,1,317903,1,1,4,2204
2023,9,22042100,17,580,AL,1,517800,9,9,64,2204
2023,5,22042211,17,607,RJ,1,717600,40,40,171,2204
2023,6,22042211,17,580,SP,1,817800,142,152,875,2204
2023,4,22042219,17,160,SC,1,927502,55,55,503,2204
2023,2,22042211,17,434,ES,1,727600,72,72,153,2204
2023,3,22042211,17,434,SP,1,817800,86,85,196,2204
2023,3,22041010,17,476,ES,1,727600,10,9,76,2204
2023,6,22042100,17,337,RS,1,1017700,15849,16641,40134,2204
2023,1,22042100,17,434,RS,1,1017700,5,5,34,2204
2023,8,22042100,17,580,PR,1,917800,59,59,309,2204
2023,2,22042100,17,351,SP,1,817800,87,128,495,2204
2023,2,22042100,17,580,SP,1,817800,93,97,670,2204
2023,4,22041090,17,580,SP,1,817800,2,7,18,2204
2023,8,22042100,17,351,SC,1,927502,24,24,83,2204
2023,2,22042100,17,741,RJ,1,717800,5,4,18,2204
2023,1,22042100,17,341,RS,1,1017700,16389,15900,22111,2204
2023,4,22042211,17,77,SP,1,817800,55,55,184,2204
2023,9,22042100,17,160,ES,1,727600,114,114,1131,2204
2023,2,22042100,17,351,RS,1,1017700,54,54,156,2204
2023,2,22042100,17,607,SP,1,817800,9,8,40,2204
2023,8,22042100,17,434,RJ,1,717800,60,54,195,2204
2023,1,22042100,17,476,CE,1,317900,3,2,10,2204
2023,9,22042100,17,476,AM,1,227600,9,9,64,2204
2023,5,22042100,17,538,SP,1,817800,47,50,148,2204
2023,2,22042100,17,586,RS,7,917500,210726,210726,287804,2204
2023,9,22042100,17,351,ES,1,727600,51,50,197,2204
2023,8,22042100,17,341,SP,1,817800,14490,14479,23529,2204
2023,5,22042100,17,160,PR,1,917800,20,20,64,2204
2023,1,22042100,17,580,PE,1,430151,2,1,4,2204
2023,3,22042211,17,434,MA,1,317903,59,56,115,2204
2023,4,22042100,17,245,SP,4,817600,36,36,995,2204
2023,3,22041010,17,249,RS,1,1017700,35172,35450,90666,2204
2023,2,22042100,17,351,AL,1,440151,4,1,15,2204
2023,1,22041010,17,301,RJ,1,727600,5,4,31,2204
2023,9,22042211,17,190,SP,1,817800,3,3,6,2204
2023,1,22042100,17,580,SP,1,717600,180,185,1495,2204
2023,2,22042211,17,23,SP,1,817800,63,63,143,2204
2023,1,22042211,17,160,ES,1,727600,5,5,14,2204
2023,5,22042100,17,351,SC,1,917800,34,34,192,2204
2023,6,22042100,17,580,AP,1,240152,11,11,67,2204
2023,5,22041090,17,476,RS,1,1017700,100,100,183,2204
2023,1,22042100,17,477,RJ,1,717600,9,9,31,2204
2023,8,22042100,17,301,SC,1,927700,14,14,80,2204
2023,5,22042100,17,767,RS,1,817800,396,858,11080,2204
2023,3,22042100,17,845,RS,7,1010351,137190,138259,175801,2204
2023,5,22042100,17,434,SC,1,927700,6,6,18,2204
2023,7,22042211,17,160,ES,1,727600,1,1,4,2204
2023,6,22042211,17,163,PE,1,417900,4,4,12,2204
2023,5,22041090,17,351,PR,1,917800,9,10,30,2204
2023,7,22042100,17,586,PR,7,917500,1181,2124,27577,2204
2023,8,22042100,17,434,RS,1,1017700,102,102,321,2204
2023,9,22042211,17,434,RJ,1,717600,4,4,16,2204
2023,9,22042100,17,337,AM,7,260152,12,12,60,2204
2023,1,22042910,17,83,SP,1,817800,20,20,67,2204
2023,9,22041010,17,23,SP,4,817700,12,12,21,2204
2023,8,22042211,17,43,RJ,1,710251,48,5,266,2204
2023,1,22041010,17,628,RS,1,817800,72,72,524,2204
2023,1,22042211,17,399,RJ,1,717800,5,5,17,2204
2023,4,22042211,17,386,SP,1,1017700,12,12,45,2204
2023,7,22042100,17,351,SC,1,917800,103,98,252,2204
2023,9,22042100,17,163,PA,0,210200,9,9,75,2204
2023,8,22042211,17,741,RS,1,1017700,36,36,67,2204
2023,9,22041090,17,476,ES,1,727600,23,23,79,2204
2023,1,22041090,17,337,RS,1,927800,2700,2700,12697,2204
2023,4,22042211,17,580,SC,1,917800,4,4,8,2204
2023,3,22042100,17,741,ES,1,727600,72,74,1452,2204
2023,6,22042100,17,767,SC,1,927700,38,38,120,2204
2023,5,22042100,17,741,MA,1,317903,81,81,424,2204
2023,3,22042100,17,607,RJ,1,717800,27,22,127,2204
2023,5,22042211,17,43,SP,1,817800,29,6,62,2204
2023,5,22042100,17,467,RS,1,817800,360,360,2160,2204
2023,5,22042211,17,467,SC,1,927700,46,45,85,2204
2023,1,22042100,17,434,MA,1,317903,26,26,148,2204
2023,4,22042100,17,580,MA,1,317903,4,4,16,2204
2023,6,22043000,17,160,RS,1,1017700,515,515,1154,2204
2023,9,22041090,17,741,ES,1,727600,18,18,23,2204
2023,2,22042100,17,301,SP,1,817800,2,2,11,2204
2023,1,22042100,17,538,PE,1,417902,5,4,12,2204
2023,8,22041010,17,399,RS,1,1017700,2160,2160,9158,2204
2023,9,22042100,17,301,RJ,1,717800,9,9,38,2204
2023,3,22041010,17,767,RS,1,817800,248,248,2805,2204
2023,1,22041090,17,434,RS,1,1017700,6,6,8,2204
2023,5,22042100,17,399,MA,1,317903,48,48,115,2204
2023,9,22042100,17,580,RJ,1,717800,57,45,718,2204
2023,9,22042100,17,476,MA,1,317903,54,54,284,2204
2023,6,22042219,17,434,RS,1,1017700,9,9,24,2204
2023,3,22041090,17,301,SP,1,817800,9,9,24,2204
2023,2,22041010,17,461,RS,1,1017700,4095,4112,17944,2204
2023,6,22042100,17,160,ES,1,727600,19,19,234,2204
2023,2,22042910,17,351,ES,1,727600,1,1,5,2204
2023,5,22042100,17,434,PA,0,210200,11,10,69,2204
2023,3,22041010,17,239,RS,1,1017700,180,180,720,2204
2023,1,22042100,17,77,RJ,1,717800,1,1,24,2204
2023,1,22041090,17,341,RS,1,1017700,1188,1288,3536,2204
2023,4,22042211,17,580,SP,1,817800,194,231,850,2204
2023,2,22041090,17,163,SP,1,817800,2,2,6,2204
2023,6,22042211,17,476,RS,1,1017700,59,59,81,2204
2023,3,22042211,17,351,ES,1,727600,86,82,271,2204
2023,8,22041090,17,434,SP,1,817800,12,12,66,2204
2023,5,22042100,17,476,RJ,1,717600,18,18,75,2204
2023,5,22042100,17,580,MA,1,217800,35,35,68,2204
2023,4,22042100,17,476,SP,1,817800,47,56,268,2204
2023,2,22042920,17,43,SC,1,927502,9,9,17,2204
2023,8,22042100,17,476,PR,1,917800,8,8,66,2204
2023,9,22042211,17,580,RS,1,1017700,19,19,30,2204
2023,4,22042100,17,163,SC,1,917800,5,4,11,2204
2023,9,22042100,17,741,SP,1,817800,18,18,149,2204
2023,3,22041090,17,586,RS,7,917500,5148,5148,19188,2204
2023,8,22042100,17,163,SP,1,817800,18,12,73,2204
2023,5,22042100,17,137,BA,1,517800,7,7,34,2204
2023,4,22041090,17,476,ES,1,727600,27,27,106,2204
2023,6,22042100,17,607,RS,1,1017700,18,18,85,2204
2023,3,22042100,17,580,PR,1,917800,53,62,140,2204
2023,3,22041090,17,163,SC,1,917800,18,18,43,2204
2023,3,22042211,17,249,RS,1,1017700,7776,7776,9866,2204
2023,9,22042100,17,741,SC,1,927502,12,12,24,2204
2023,5,22042211,17,476,RJ,1,710251,16,18,67,2204
2023,1,22042100,17,776,PA,1,217800,18,18,130,2204
2023,8,22042219,17,573,SC,1,927502,20,20,41,2204
2023,5,22042100,17,827,SP,1,817800,5,5,16,2204
2023,7,22042211,17,467,SP,1,817800,5,5,13,2204
2023,5,22042100,17,399,AL,1,517800,27,22,162,2204
2023,5,22042910,17,476,MA,1,317903,15,15,79,2204
2023,8,22042211,17,77,SP,1,817800,5,5,12,2204
2023,9,22042100,17,77,AM,1,227600,9,9,68,2204
2023,7,22041090,17,476,ES,1,727600,51,51,178,2204
2023,6,22042910,17,741,SP,1,817800,6,6,28,2204
2023,3,22042100,17,427,PA,1,217800,2,8,8,2204
2023,1,22042211,17,77,PE,1,417900,56,57,173,2204
2023,2,22042100,17,43,SC,1,927800,108,107,291,2204
2023,1,22042100,17,850,RS,7,260151,17550,17550,30023,2204
2023,5,22042211,17,741,ES,1,727600,9,9,52,2204
2023,7,22042100,17,200,SP,1,817800,7020,7020,10140,2204
2023,3,22042100,17,351,PR,1,917800,87,87,181,2204
2023,3,22042219,17,301,SC,1,927502,13,13,18,2204
2023,2,22042100,17,43,SC,1,927502,40,40,84,2204
2023,1,22042100,17,163,RS,1,1017700,18,18,61,2204
2023,5,22042100,17,23,RS,1,1017700,990,990,4543,2204
2023,3,22042100,17,538,SP,1,817800,3,3,15,2204
2023,2,22042100,17,163,MA,1,317903,2,2,12,2204
2023,3,22041010,17,580,SP,1,817800,1,1,6,2204
2023,2,22042211,17,580,SP,1,817800,54,52,300,2204
2023,7,22041090,17,628,RS,1,1017700,608,575,4455,2204
2023,2,22042100,17,580,MA,1,317903,56,56,121,2204
2023,5,22042100,17,741,RS,1,1017700,33,33,136,2204
2023,6,22042100,17,386,PE,1,417902,15,15,60,2204
2023,8,22042100,17,160,MA,1,317903,18,18,134,2204
2023,6,22042100,17,351,SC,1,917800,89,90,229,2204
2023,1,22042100,17,741,RS,1,1017700,74,74,431,2204
2023,8,22042211,17,580,SC,1,927502,84,84,173,2204
2023,5,22042100,17,476,MA,1,317903,149,143,1129,2204
2023,8,22042211,17,160,SP,1,817800,100,89,426,2204
2023,8,22042910,17,580,MA,1,317903,8,8,15,2204
2023,9,22042100,17,351,SP,1,817800,114,108,891,2204
2023,4,22042100,17,476,MA,1,317903,106,129,423,2204
2023,2,22042100,17,351,PR,1,917800,79,73,264,2204
2023,4,22041090,17,289,SP,1,817800,225,225,998,2204
2023,7,22042100,17,351,SP,1,817800,137,149,1474,2204
2023,5,22042211,17,249,RS,1,1017700,6912,6912,8770,2204
2023,8,22042100,17,341,RS,1,1017700,93960,93960,147591,2204
2023,2,22043000,17,434,SP,1,817800,32,32,104,2204
2023,1,22042211,17,301,RJ,1,717800,5,5,19,2204
2023,2,22041010,17,586,RS,7,917500,315,325,1213,2204
2023,1,22042100,17,741,RS,1,817800,63,63,706,2204
2023,1,22041090,17,351,PR,1,917800,21,24,41,2204
2023,5,22043000,17,476,SP,1,817800,110,110,291,2204
2023,8,22042910,17,160,SP,1,817800,24,24,77,2204
2023,5,22042211,17,434,SP,1,817800,46,46,117,2204
2023,6,22042100,17,53,PR,1,917800,36,98,64,2204
2023,1,22042100,17,767,RS,1,1017700,83,83,187,2204
2023,2,22042100,17,434,RS,1,1017700,114,114,269,2204
2023,3,22042100,17,741,RS,1,1017700,14,14,76,2204
2023,9,22042100,17,580,BA,1,517800,3,3,33,2204
2023,6,22042100,17,580,SP,1,917800,24,18,44,2204
2023,6,22042211,17,160,SP,1,817800,17,17,93,2204
2023,8,22042211,17,434,ES,1,710251,28,28,92,2204
2023,9,22043000,17,351,SP,1,817800,14,14,31,2204
2023,2,22042100,17,301,PR,1,917800,20,20,78,2204
2023,4,22041010,17,434,SC,1,927502,6,6,62,2204
2023,6,22042211,17,476,SP,1,817800,17,14,129,2204
2023,1,22041090,17,434,BA,1,517800,10,10,68,2204
2023,1,22042100,17,160,SP,1,817800,86,80,495,2204
2023,6,22042211,17,351,SP,1,817800,56,54,271,2204
2023,5,22042211,17,580,RJ,1,717800,5,5,13,2204
2023,5,22042910,17,580,SP,1,817800,13,35,76,2204
2023,5,22042211,17,434,RS,1,1017700,46,46,60,2204
2023,5,22042211,17,160,SP,1,817800,55,217,458,2204
2023,8,22042100,17,244,RS,1,817800,225,225,1100,2204
2023,9,22041090,17,77,MA,1,317903,18,20,98,2204
2023,9,22042211,17,476,SP,1,817800,26,26,63,2204
2023,7,22042100,17,580,SP,1,917800,1,12,3,2204
2023,5,22042100,17,301,RJ,1,710251,5,5,41,2204
2023,9,22042100,17,301,PR,1,917800,27,40,50,2204
2023,9,22042100,17,87,PA,1,217800,12,12,131,2204
2023,1,22042219,17,160,SC,1,927800,43,80,93,2204
2023,5,22041010,17,160,RS,4,817600,16,21,45,2204
2023,3,22042100,17,434,RJ,1,812051,9,13,53,2204
2023,1,22042100,17,538,SP,1,817800,18,21,60,2204
2023,1,22042100,17,63,RJ,1,817800,873,873,5400,2204
2023,5,22042100,17,161,AL,1,417900,10,7,84,2204
2023,3,22042211,17,607,RJ,1,717800,16,15,75,2204
2023,4,22041090,17,586,BA,7,917500,2480,2480,5488,2204
2023,2,22041090,17,476,PR,1,917800,37,28,72,2204
2023,4,22042211,17,467,SP,1,817800,23,23,65,2204
2023,6,22042100,17,434,PR,1,917800,15,15,40,2204
2023,9,22041010,17,741,RJ,1,717800,2,2,36,2204
2023,3,22042100,17,741,MA,1,317903,28,28,456,2204
2023,8,22041090,17,476,MA,1,317903,5,5,13,2204
2023,3,22042100,17,538,SC,1,917800,6,6,19,2204
2023,4,22042100,17,538,RS,1,1017700,7,7,23,2204
2023,1,22042910,17,160,SP,1,817800,3,3,45,2204
2023,3,22042910,17,476,MA,1,317903,19,19,82,2204
2023,3,22041010,17,628,RS,1,1017700,3663,3663,14467,2204
2023,3,22041010,17,580,RS,1,1017700,5,5,62,2204
2023,6,22042100,17,476,SP,1,817800,49,48,339,2204
2023,2,22041090,17,245,RS,4,817700,9,9,356,2204
2023,3,22041090,17,580,MA,1,317903,19,19,47,2204
2023,1,22042100,17,628,BA,1,517800,48,48,271,2204
2023,6,22041010,17,77,RS,1,1017700,18,18,76,2204
2023,8,22042100,17,399,AL,1,417900,14,14,143,2204
2023,6,22042100,17,163,SP,1,817800,10,9,57,2204
2023,3,22042100,17,97,RS,7,147600,8310,8310,12305,2204
2023,3,22042100,17,87,PA,1,217800,36,38,361,2204
2023,6,22042920,17,467,SC,1,927700,9,10,30,2204
2023,5,22042211,17,741,RS,1,1017700,9,9,9,2204
2023,6,22041010,17,628,SP,4,817600,45,45,150,2204
2023,1,22042100,17,399,SC,1,927700,2,2,20,2204
2023,5,22042100,17,741,RJ,1,717800,50,34,168,2204
2023,3,22042100,17,351,SP,1,817800,144,146,891,2204
2023,7,22042100,17,434,SP,1,817800,132,136,507,2204
2023,2,22042211,17,434,SC,1,927502,60,60,118,2204
2023,2,22042100,17,160,CE,1,317900,24,24,82,2204
2023,8,22042100,17,476,RJ,1,717800,14,20,56,2204
2023,2,22042100,17,160,AL,1,517800,3,3,32,2204
2023,5,22042100,17,169,RS,1,817800,756,450,1259,2204
2023,3,22041090,17,476,ES,1,727600,37,37,105,2204
2023,1,22042100,17,163,SP,1,817800,27,27,294,2204
2023,7,22042100,17,351,RJ,1,717800,8,8,36,2204
2023,2,22042100,17,580,ES,1,727600,12,14,47,2204
2023,4,22042100,17,467,AM,1,227600,12,12,70,2204
2023,6,22042100,17,467,SP,1,817800,35,35,220,2204
2023,9,22042100,17,628,SC,4,817700,4,6,110,2204
2023,4,22042910,17,476,MA,1,317903,9,9,65,2204
2023,6,22042100,17,476,RS,1,1017700,41,41,225,2204
2023,5,22042910,17,351,SP,1,817800,1,1,3,2204
2023,7,22042100,17,160,PE,1,817800,21150,39155,75341,2204
2023,3,22042100,17,301,SP,1,812051,2,2,19,2204
2023,3,22042100,17,232,ES,1,727600,20,16,393,2204
2023,6,22042100,17,160,PR,1,917800,10,10,26,2204
2023,8,22042211,17,476,RJ,1,717800,28,42,112,2204
2023,5,22042100,17,160,ES,1,727600,27,27,134,2204
2023,4,22042100,17,434,MA,1,317903,237,237,960,2204
2023,3,22042211,17,580,MA,1,317903,2,2,4,2204
2023,6,22042100,17,586,SP,7,917500,60750,60750,67500,2204
2023,4,22042100,17,628,PR,1,917800,90,90,238,2204
2023,5,22042100,17,589,RS,1,1017700,16650,16650,24420,2204
2023,4,22042211,17,351,RS,1,1017700,92,92,117,2204
2023,1,22042100,17,301,RJ,1,717800,14,15,64,2204
2023,1,22041010,17,434,ES,1,727600,3,3,27,2204
2023,2,22042100,17,351,SP,1,917800,45,45,120,2204
2023,9,22042100,17,163,MA,1,317903,1,1,11,2204
2023,8,22042100,17,163,ES,1,710251,9,9,86,2204
2023,2,22042100,17,580,SC,1,917800,149,149,393,2204
2023,3,22042211,17,267,SP,1,817800,10,10,144,2204
2023,1,22042100,17,275,RJ,1,717600,18,18,67,2204
2023,5,22042100,17,476,PR,1,927700,6,10,28,2204
2023,8,22042211,17,267,ES,1,727600,5,5,11,2204
2023,6,22042910,17,580,PR,1,917800,18,22,20,2204
2023,7,22041090,17,40,PR,1,917800,806,657,1395,2204
2023,5,22042100,17,888,SP,1,817800,17100,17100,26600,2204
2023,2,22042100,17,467,RS,1,1017700,4,4,14,2204
2023,3,22041010,17,23,ND,4,817600,97,97,760,2204
2023,3,22042100,17,741,PE,1,520100,29,28,95,2204
2023,1,22042100,17,341,SP,1,817800,10611,10611,14984,2204
2023,3,22042100,17,137,SP,1,917800,150,168,1056,2204
2023,6,22042100,17,434,ES,1,717800,5,5,41,2204
2023,9,22041090,17,351,BA,1,517800,36,36,146,2204
2023,6,22041010,17,434,SP,1,817800,5,5,50,2204
2023,9,22042211,17,351,SC,1,927502,12,12,26,2204
2023,1,22042100,17,580,SP,1,817800,216,218,820,2204
2023,9,22042100,17,589,RS,1,1017700,16650,16650,24420,2204
2023,9,22042100,17,434,SC,1,917800,16,16,127,2204
2023,2,22041090,17,434,PA,1,217800,6,6,23,2204
2023,8,22042100,17,476,RJ,1,710251,19,19,71,2204
2023,6,22042219,17,741,RS,1,1017700,32,32,87,2204
2023,6,22042100,17,586,RS,7,917500,519665,519665,795246,2204
2023,5,22042100,17,476,SP,1,817800,395,406,1953,2204
2023,8,22042100,17,351,ES,1,727600,5,4,26,2204
2023,8,22042100,17,741,RS,1,1017700,140,140,478,2204
2023,1,22042100,17,741,MA,1,317903,62,67,243,2204
2023,5,22042910,17,580,MA,1,317903,40,40,77,2204
2023,2,22042910,17,741,MA,1,317903,80,80,131,2204
2023,8,22042100,17,434,ES,1,727600,32,29,220,2204
2023,3,22042100,17,628,SP,4,817600,32,54,516,2204
2023,5,22042100,17,580,CE,1,317900,5,4,23,2204
2023,8,22042920,17,301,SC,1,917800,9,9,31,2204
2023,9,22042211,17,580,SP,1,817800,206,206,714,2204
2023,7,22043000,17,628,SP,1,817800,11,11,45,2204
2023,2,22041090,17,301,SP,1,817800,2,2,6,2204
2023,1,22042100,17,232,RJ,1,710200,18,15,73,2204
2023,4,22042100,17,467,RS,1,1017700,15,15,55,2204
2023,5,22041010,17,467,RS,1,817800,90,90,468,2204
2023,9,22042100,17,23,SP,4,817700,12,12,14,2204
2023,4,22042100,17,845,RS,7,1010351,831,767,10679,2204
2023,1,22042100,17,160,ES,1,727600,14,14,172,2204
2023,9,22042211,17,434,SC,1,917800,24,24,67,2204
2023,4,22042910,17,83,SP,1,817800,12,12,44,2204
2023,7,22042100,17,160,PR,1,917800,15,15,39,2204
2023,8,22042100,17,741,SP,1,817800,27,27,118,2204
2023,7,22041090,17,580,SP,1,817800,2,2,8,2204
2023,2,22042211,17,163,SP,1,817800,17,17,180,2204
2023,9,22041090,17,580,RS,1,1017700,24,24,25,2204
2023,3,22043000,17,628,SP,1,817800,28,28,96,2204
2023,3,22042100,17,434,RS,1,1017700,7,7,19,2204
2023,7,22043000,17,351,SP,1,817800,14,14,43,2204
2023,2,22041090,17,63,RJ,1,717600,475,475,4172,2204
2023,5,22042211,17,434,RJ,1,717800,82,82,353,2204
2023,4,22041090,17,476,PR,1,917800,9,10,22,2204
2023,5,22042100,17,301,PA,1,217800,30,120,123,2204
2023,6,22041010,17,200,RS,1,1017700,113,113,669,2204
2023,7,22042100,17,580,ES,1,727600,10,10,61,2204
2023,3,22042100,17,628,RS,1,1017700,396,396,5720,2204
2023,6,22042100,17,538,ES,1,727600,36,33,190,2204
2023,4,22041090,17,434,PR,1,917800,23,33,83,2204
2023,1,22041010,17,580,SP,1,817800,2,2,55,2204
2023,3,22042100,17,77,SC,1,927700,8,8,30,2204
2023,2,22041010,17,434,SC,1,927502,2,2,17,2204
2023,9,22042100,17,399,SC,1,927700,1,1,3,2204
2023,1,22043000,17,163,SP,1,817800,6,16,23,2204
2023,2,22042211,17,434,RJ,1,717800,20,18,109,2204
2023,4,22042100,17,850,RS,7,260151,52920,52920,81432,2204
2023,4,22041090,17,476,MA,1,317903,4,4,20,2204
2023,2,22042211,17,160,SP,1,817800,26,26,331,2204
2023,3,22042100,17,23,ND,4,817600,296,296,3501,2204
2023,2,22042100,17,476,SC,1,917800,18,18,54,2204
2023,8,22041010,17,548,RS,1,927700,185,185,4019,2204
2023,1,22042100,17,351,PR,1,917800,51,50,275,2204
2023,1,22042100,17,767,SC,1,927700,1,5,12,2204
2023,9,22042211,17,580,RJ,1,717800,12,11,75,2204
2023,7,22041090,17,434,ES,1,727600,9,9,12,2204
2023,8,22042100,17,548,RS,1,927700,338,338,7177,2204
2023,8,22042100,17,69,RS,1,817800,1035,1035,10205,2204
2023,2,22042211,17,434,SP,1,817800,57,56,168,2204
2023,5,22042100,17,434,SC,1,917800,5,5,44,2204
2023,2,22042211,17,580,RS,1,1017700,46,46,37,2204
2023,1,22041010,17,767,RS,1,1017700,18,18,75,2204
2023,3,22042100,17,628,SP,1,817800,9,9,114,2204
2023,4,22042100,17,63,RJ,1,717600,1080,1080,10249,2204
2023,4,22042100,17,245,MG,4,817600,63,92,1327,2204
2023,4,22042100,17,77,SP,1,817800,62,62,407,2204
2023,4,22042211,17,351,SP,1,817800,4,4,63,2204
2023,6,22042100,17,476,RJ,1,717800,9,9,121,2204
2023,4,22041090,17,351,PR,1,917800,77,86,264,2204
2023,7,22041010,17,580,RS,1,1017700,33,33,119,2204
2023,4,22042100,17,301,SP,1,817800,3,3,20,2204
2023,9,22042100,17,23,RS,4,817600,5,3,25,2204
2023,2,22042100,17,434,SC,1,917800,5,5,17,2204
2023,8,22042100,17,351,SP,1,917800,41,41,113,2204
2023,1,22042100,17,351,PE,1,417900,2,1,3,2204
2023,8,22042100,17,249,RS,1,1017700,3744,3760,13128,2204
2023,3,22042211,17,434,ES,1,727600,28,29,145,2204
2023,7,22042219,17,160,SC,1,927502,13,13,40,2204
2023,9,22042100,17,476,RS,1,1017700,3,3,14,2204
2023,8,22042100,17,77,SP,1,817800,34,37,153,2204
2023,3,22041010,17,137,SP,1,917800,5,5,33,2204
2023,8,22042100,17,476,MA,1,317903,33,33,182,2204
2023,8,22042100,17,580,SP,1,817800,345,340,2302,2204
2023,6,22041010,17,434,RJ,1,717800,23,37,49,2204
2023,5,22042100,17,741,SP,1,817800,16,43,71,2204
2023,5,22041010,17,169,RS,1,817800,540,642,2880,2204
2023,2,22042100,17,628,SP,1,817800,396,396,1299,2204
2023,7,22042211,17,476,SC,1,927700,40,40,90,2204
2023,8,22041090,17,580,ES,1,817800,9,9,34,2204
2023,5,22041010,17,476,MA,1,317903,1,1,6,2204
2023,4,22042100,17,351,SC,1,917800,16,16,33,2204
2023,6,22042100,17,351,SP,1,817800,98,94,892,2204
2023,3,22042910,17,77,RJ,1,717600,2,2,108,2204
2023,8,22042100,17,580,MA,1,317903,63,82,315,2204
2023,3,22042100,17,741,RJ,1,717800,50,35,171,2204
2023,1,22042920,17,575,SC,1,927700,5,5,11,2204
2023,1,22041090,17,628,RS,1,817800,315,245,2310,2204
2023,7,22042100,17,163,ES,1,727600,18,18,99,2204
2023,4,22042100,17,586,RS,7,917500,405507,405507,612727,2204
2023,3,22042100,17,741,AL,1,440151,4,4,16,2204
2023,8,22041090,17,434,RS,1,1017700,3,3,3,2204
2023,6,22042100,17,827,PR,1,917800,71,73,154,2204
2023,3,22042100,17,341,RS,1,927800,59805,59805,86700,2204
2023,4,22042100,17,160,RS,1,1017800,55,55,152,2204
2023,5,22041090,17,580,MA,1,317903,18,18,49,2204
2023,2,22042219,17,434,SC,1,927502,174,174,261,2204
2023,1,22041010,17,163,AL,1,417902,6,6,47,2204
2023,3,22042100,17,580,ES,1,727600,57,56,387,2204
2023,3,22041090,17,476,MA,1,317903,15,15,35,2204
2023,8,22042100,17,43,RJ,1,710251,9,1,34,2204
2023,9,22042100,17,586,SP,7,917500,12150,12150,13500,2204
2023,9,22041010,17,791,RS,1,817800,167,167,1236,2204
2023,1,22042100,17,434,PE,1,417900,3,3,10,2204
2023,1,22041010,17,337,RS,1,927800,6998,6929,34001,2204
2023,6,22042211,17,607,RS,1,1017700,9,9,17,2204
2023,9,22042211,17,741,SP,1,817800,7,6,18,2204
2023,8,22042100,17,77,PR,1,917800,42,42,78,2204
2023,7,22041090,17,580,BA,1,517800,2,2,13,2204
2023,4,22042100,17,741,MA,1,317903,2,2,5,2204
2023,5,22042100,17,434,PR,1,917800,18,18,60,2204
2023,3,22042100,17,80,SP,1,817800,25,32,188,2204
2023,5,22041090,17,169,RS,1,817800,1080,1284,4018,2204
2023,8,22042211,17,580,SC,1,917800,12,12,27,2204
2023,5,22042100,17,580,RJ,1,717600,2,1,9,2204
2023,2,22041090,17,63,RJ,1,817800,2297,2297,18975,2204
2023,5,22041010,17,580,RS,1,1017700,41,41,372,2204
2023,6,22042100,17,87,SP,1,917800,18,19,95,2204
2023,4,22042211,17,160,SP,1,817800,62,62,385,2204
2023,5,22042100,17,301,SP,1,812051,6,12,24,2204
2023,4,22042100,17,476,CE,1,317900,24,24,148,2204
2023,6,22042910,17,580,SP,1,817800,15,15,120,2204
2023,7,22041090,17,628,RS,4,717700,108,108,2531,2204
2023,1,22042100,17,249,SC,1,927700,2,2,7,2204
2023,6,22042100,17,359,SP,1,817800,52,52,287,2204
2023,5,22042211,17,351,ES,1,727600,51,51,198,2204
2023,3,22042100,17,386,RS,1,817800,450,450,2280,2204
2023,1,22042100,17,301,RJ,1,710251,87,344,195,2204
2023,2,22042100,17,467,MA,1,317903,10,10,111,2204
2023,1,22042211,17,77,RJ,1,717800,9,9,27,2204
2023,6,22042100,17,361,MA,1,317903,3,3,7,2204
2023,8,22042100,17,160,SP,1,817800,87,84,774,2204
2023,7,22042100,17,399,RS,1,1017700,10418,10418,21355,2204
2023,3,22041010,17,160,SP,1,817800,1,1,7,2204
2023,1,22042100,17,434,PR,1,917800,166,244,464,2204
2023,4,22042100,17,434,RS,1,1017700,46,46,110,2204
2023,3,22041090,17,434,PR,1,927700,9,10,23,2204
2023,7,22042100,17,741,AP,1,240152,2,2,13,2204
2023,5,22042100,17,741,ES,1,710251,2,2,12,2204
2023,8,22042100,17,756,RJ,1,710251,4,4,34,2204
2023,9,22043000,17,580,SP,1,817800,46,46,150,2204
2023,9,22042100,17,586,RS,7,917500,86141,86141,138298,2204
2023,2,22042100,17,538,SP,1,817800,41,41,163,2204
2023,5,22043000,17,160,RS,1,1017700,35925,35925,88724,2204
2023,3,22042100,17,741,SP,1,817800,59,61,215,2204
2023,3,22042100,17,351,MA,1,317903,133,133,896,2204
2023,3,22042211,17,476,RJ,1,717800,51,51,217,2204
2023,7,22041090,17,434,SP,1,817800,18,18,97,2204
2023,3,22042100,17,467,RJ,1,717600,18,18,93,2204
2023,3,22041090,17,580,SP,1,817800,37,37,118,2204
2023,7,22042100,17,580,RS,1,1017700,87,87,219,2204
2023,1,22041010,17,467,SP,1,817800,9,9,71,2204
2023,5,22042100,17,23,SP,4,817600,243,243,1602,2204
2023,3,22042100,17,249,RS,1,1017700,19944,19944,34162,2204
2023,2,22042211,17,476,RJ,1,717800,4,4,22,2204
2023,7,22042910,17,580,SP,1,817800,14,14,83,2204
2023,6,22042100,17,580,MA,1,317903,133,133,398,2204
2023,1,22042100,17,434,SC,1,927800,2,2,6,2204
2023,9,22042100,17,476,RJ,1,717800,28,28,212,2204
2023,5,22042100,17,160,RS,1,1017700,23,23,106,2204
2023,4,22042211,17,351,SP,4,817700,849,923,3735,2204
2023,5,22042100,17,476,ES,1,727600,14,14,125,2204
2023,6,22041090,17,97,RS,7,147600,963,963,2619,2204
2023,7,22041010,17,399,RS,1,1017700,135,135,509,2204
2023,4,22042211,17,249,RS,1,1017700,12800,12800,21760,2204
2023,4,22042100,17,301,AM,1,227600,18,18,158,2204
2023,7,22042100,17,628,ES,1,710251,2,4,14,2204
2023,5,22042100,17,586,SP,7,917500,48600,48600,54000,2204
2023,7,22042100,17,351,PR,1,917800,66,66,164,2204
2023,4,22041090,17,434,SP,1,817800,63,63,175,2204
2023,3,22041010,17,267,PA,1,217800,12,12,39,2204
2023,7,22042211,17,434,ES,1,727600,55,19,325,2204
2023,4,22042100,17,163,PR,1,917800,10,10,31,2204
2023,1,22042100,17,538,RS,1,1017700,27,27,205,2204
2023,4,22042100,17,232,RS,1,1017700,1688,1688,14727,2204
2023,6,22042100,17,434,RS,1,1017700,35,35,141,2204
2023,4,22042211,17,267,SP,1,817800,2,2,12,2204
2023,3,22042100,17,476,SP,1,717600,5,21,16,2204
2023,4,22041090,17,586,RS,7,917500,2154,2154,6419,2204
2023,3,22042100,17,607,SP,1,917800,8,8,29,2204
2023,1,22042100,17,467,SC,1,927502,18,18,86,2204
2023,3,22041090,17,190,MA,1,317903,32,32,79,2204
2023,2,22041090,17,160,MA,1,317903,6,6,11,2204
2023,8,22042100,17,249,RS,1,927700,6300,6300,12131,2204
2023,1,22041010,17,580,SP,1,717600,135,139,1365,2204
2023,3,22042910,17,580,MA,1,317903,23,23,28,2204
2023,7,22042211,17,351,SC,1,917800,12,12,26,2204
2023,8,22041090,17,351,BA,1,517800,2,2,17,2204
2023,2,22042100,17,741,SC,1,917800,27,27,101,2204
2023,1,22042100,17,161,AL,1,440151,2,1,18,2204
